,Municipio,Mediana_Ecoeficiencia
0,ACRELANDIA,1271346.6639999999
1,ASSIS BRASIL,30935.367664038444
2,BRASILEIA,438.10904564315354
3,CRUZEIRO DO SUL,38474.88677222222
4,FEIJO,348058.1591666667
5,JORDAO,194954.94
6,MANOEL URBANO,29243.85020281937
7,MARECHAL THAUMATURGO,12797.470278698396
8,PLACIDO DE CASTRO,120.91039458333333
9,PORTO ACRE,252113.73
10,PORTO WALTER,173967.57112745097
11,RIO BRANCO,49818.951635414356
12,SANTA ROSA DO PURUS,16472.10335814607
13,SENADOR GUIOMARD,6643110.71
14,TARAUACA,102324.20484939759
15,ARAPIRACA,87739.28
16,ATALAIA,185696.78420000002
17,BOCA DA MATA,75390357.39
18,CAMPO ALEGRE,7965.423213644525
19,CAPELA,3104.129317773788
20,CORURIPE,27860.595982142855
21,DELMIRO GOUVEIA,56820.90179411764
22,IGACI,355203.8542923976
23,IGREJA NOVA,41906.608616838486
24,LAGOA DA CANOA,43719.84912543623
25,MACEIO,13337.560113072574
26,MAJOR ISIDORO,16736.36447467085
27,MARECHAL DEODORO,16321.125523809524
28,MATRIZ DE CAMARAGIBE,17485.4722
29,OLHO D'AGUA DAS FLORES,54264.1219
30,PALMEIRA DOS INDIOS,48313.610402684564
31,PILAR,13077.335762711866
32,RIO LARGO,42987.56267336334
33,SANTA LUZIA DO NORTE,22660.31747857143
34,SANTANA DO IPANEMA,13994469.113775
35,SAO JOSE DA LAJE,453.2569554455446
36,SAO JOSE DA TAPERA,573689.5458591732
37,SAO LUIS DO QUITUNDE,73303.42
38,SAO MIGUEL DOS CAMPOS,14559.385945679012
39,TEOTONIO VILELA,54856.80027271577
40,UNIAO DOS PALMARES,52.534046449364496
41,CALCOENE,146980.26161073826
42,FERREIRA GOMES,64807.09154639175
43,MACAPA,6874.087027153558
44,OIAPOQUE,14740.570562500001
45,SANTANA,143172.08411764706
46,SERRA DO NAVIO,23101712.540000003
47,ATALAIA DO NORTE,18.886365455196987
48,AUTAZES,2510.411550140581
49,BOCA DO ACRE,27.641318427139552
50,BORBA,12300.797605060354
51,COARI,75453.74809844003
52,ENVIRA,1000433.6476290886
53,HUMAITA,4907.020569306931
54,IPIXUNA,304.6462123873874
55,IRANDUBA,19575.73427761162
56,ITACOATIARA,33068.920263157896
57,MANACAPURU,1424379.5711090001
58,MANAUS,16609.403934065936
59,MANICORE,9632.754595
60,MAUES,26844.345902798857
61,NOVA OLINDA DO NORTE,180704.51889703932
62,NOVO AIRAO,151499.23025978648
63,PRESIDENTE FIGUEIREDO,43687.435332197616
64,RIO PRETO DA EVA,3322.9754273504273
65,SAO GABRIEL DA CACHOEIRA,48.561032534018885
66,TABATINGA,61257.4925
67,URUCARA,1762.821445637786
68,ALAGOINHAS,12861.219868217055
69,AMARGOSA,2331.518210924606
70,ANDORINHA,63926.247
71,BARRA,1365.777639807414
72,BARRA DO CHOCA,7953930.451378373
73,BARREIRAS,26151.84
74,BARROCAS,24358.81851820728
75,BELMONTE,21354.58209177215
76,BELO CAMPO,64952.75781944444
77,BOM JESUS DA LAPA,87656.83374
78,BOQUIRA,20013.651048291642
79,BRUMADO,15320.27211639583
80,CABACEIRAS DO PARAGUACU,183301.22684810127
81,CACHOEIRA,33673.862772547116
82,CACULE,22235.302209925205
83,CAETANOS,229846.51928783383
84,CAETITE,27987.197999999997
85,CAMACARI,22223.656984839476
86,CAMAMU,16589.010666666665
87,CAMPO ALEGRE DE LOURDES,303115.281875
88,CAMPO FORMOSO,21579.39665
89,CANARANA,67877.9848583878
90,CANDEIAS,60058.08657142857
91,CANDIBA,48179.595821550385
92,CAPELA DO ALTO ALEGRE,3972.162567105263
93,CARINHANHA,13661.121397039704
94,CASA NOVA,92364.80341076522
95,CASTRO ALVES,5318.04125
96,CATU,17565.112304347826
97,CATURAMA,23352.526
98,CONCEICAO DA FEIRA,244325.38721868536
99,CONCEICAO DO COITE,33397.07036894164
100,CONCEICAO DO JACUIPE,4890.246625327927
101,CONDE,6092.1908396946565
102,CONDEUBA,387202.3727027027
103,CORDEIROS,140290.71488333333
104,CORONEL JOAO SA,17071.02829162133
105,CORRENTINA,939035.3933333334
106,CRUZ DAS ALMAS,47928.125092795286
107,DIAS D'AVILA,40879.75387719298
108,ELISIO MEDRADO,41878.85111111111
109,EUCLIDES DA CUNHA,22562.168461538462
110,EUNAPOLIS,41398.988376146786
111,FEIRA DE SANTANA,14256.1275
112,FORMOSA DO RIO PRETO,49205.62538194445
113,GENTIO DO OURO,42131.40871428571
114,GOVERNADOR MANGABEIRA,9575.435714285715
115,GUANAMBI,17148.317101449273
116,IACU,108024.40010280708
117,IBIASSUCE,15266.178903932947
118,IBICARAI,38326.37077272728
119,IBICOARA,49922.034583333334
120,IBICUI,6023.30887551353
121,IBIRAPUA,91388.32607142857
122,IBITITA,1968163.235
123,IBOTIRAMA,26733.45315
124,IGAPORA,101483.95515462186
125,IGRAPIUNA,111148.17413102245
126,ILHEUS,37760.930555555555
127,INHAMBUPE,21789.533794491526
128,IPIAU,32171.92693668529
129,IPIRA,24253673.302500002
130,IRAQUARA,32903.509138540794
131,IRECE,451577.4492857143
132,ITABELA,25429.70719169071
133,ITABERABA,389514.5477230131
134,ITABUNA,88866.81450000001
135,ITAGIBA,14156.46935712434
136,ITAGIMIRIM,4118.8508952898555
137,ITAGUACU DA BAHIA,4610.9701000000005
138,ITAMARAJU,5050967.183333333
139,ITAMBE,8794.153843333333
140,ITANHEM,3633849.275
141,ITAPARICA,8687.72116969257
142,ITAPE,355533.81
143,ITAPETINGA,2029.4003608247422
144,ITARANTIM,9503.552665555555
145,JACARACI,1008.3778164819792
146,JACOBINA,306642.5503125
147,JAGUARARI,272681.0036666667
148,JAGUARIPE,1942.5733333333333
149,JANDAIRA,18479823.394702498
150,JEQUIE,4005.653590577944
151,JEREMOABO,461737.14
152,JIQUIRICA,684.96470916833
153,JUAZEIRO,21096.55
154,LAGOA REAL,237.2266955835962
155,LAJE,20279.851366906474
156,LAPAO,590.6287310776943
157,LAURO DE FREITAS,38909.27
158,LICINIO DE ALMEIDA,163496.78102953586
159,LIVRAMENTO DE NOSSA SENHORA,61428.79
160,LUIS EDUARDO MAGALHAES,16616.838055555556
161,MACARANI,1831.57932
162,MACAUBAS,38004.85768025078
163,MADRE DE DEUS,8541.129439759035
164,MAIQUINIQUE,181286.87010829308
165,MALHADA,1356923.3530824403
166,MALHADA DE PEDRAS,7543.519098482566
167,MANOEL VITORINO,1435.9943674681647
168,MARACAS,26195.62732
169,MATA DE SAO JOAO,30241.27
170,MEDEIROS NETO,140244.92717821783
171,MIGUEL CALMON,5720.415202690863
172,MORRO DO CHAPEU,129244.07633333333
173,MORTUGABA,16424.564586397057
174,MUCUGE,579.3700231486309
175,MUCURI,7832.267956284153
176,MUTUIPE,46024.39
177,NAZARE,136883.0090871908
178,NOVA SOURE,543.5954545454546
179,OLIVEIRA DOS BREJINHOS,20518.67662
180,OUROLANDIA,194884.91820000001
181,PALMAS DE MONTE ALTO,8514.382
182,PARAMIRIM,60836.88274332978
183,PARATINGA,2998.6619246031746
184,PAU BRASIL,512.3864661654135
185,PAULO AFONSO,4586.652928818471
186,PIATA,307738.84239669424
187,PINDAI,48586.8882
188,PINDOBACU,11698.71817204301
189,PIRAI DO NORTE,836.1042664520024
190,PIRITIBA,342971.0960960961
191,PLANALTO,2113.0092999999997
192,POJUCA,5030.990458333334
193,PONTO NOVO,5150.679742857143
194,PORTO SEGURO,14520.962160000001
195,PRADO,3695.1022974358975
196,PRESIDENTE JANIO QUADROS,6090.078252060826
197,QUIXABEIRA,78775.11142857143
198,RIACHAO DAS NEVES,335192.0456666667
199,RIACHAO DO JACUIPE,40251.0
200,RIACHO DE SANTANA,486461.6785135035
201,RIBEIRA DO POMBAL,4265.603346774194
202,RIO DO ANTONIO,15915.725487155389
203,RIO REAL,4636.032759019185
204,SALVADOR,14802.497460505698
205,SANTA LUZIA,11978.775589915294
206,SANTA MARIA DA VITORIA,49931.0
207,SANTA RITA DE CASSIA,4948.3646
208,SANTA TERESINHA,8427585.19
209,SANTALUZ,22493.78740558717
210,SANTO AMARO,402983.631147541
211,SANTO ANTONIO DE JESUS,13392.398939271256
212,SANTO ESTEVAO,882.0111517882286
213,SAO DESIDERIO,26190.0
214,SAO FRANCISCO DO CONDE,10793.590991831972
215,SAO GONCALO DOS CAMPOS,10170.898147423353
216,SAO SEBASTIAO DO PASSE,33821.350877192985
217,SATIRO DIAS,132974.60320156475
218,SEABRA,5432.70288938423
219,SENHOR DO BONFIM,5553.827540983606
220,SENTO SE,21617546.545
221,SERRA DO RAMALHO,431401.98480000003
222,SERRA DOURADA,12415.39455681818
223,SERRINHA,332389.789825
224,SIMOES FILHO,17808.935139066336
225,SITIO DO MATO,84179.28536666666
226,TANQUE NOVO,1646642.2411764706
227,TEIXEIRA DE FREITAS,24648.765266666665
228,TERRA NOVA,34665.98645833333
229,URANDI,1324226.3832777438
230,URUCUCA,80120.343
231,VALENCA,43405.73096774193
232,VALENTE,73995.61111111111
233,VERA CRUZ,20479.48056185901
234,VITORIA DA CONQUISTA,10791.397740112994
235,XIQUE-XIQUE,82345.50567794405
236,ACARAPE,35056.49835877863
237,ACARAU,10386.727530991735
238,ACOPIARA,7195.113442857143
239,ALTO SANTO,2751.2907979407983
240,AMONTADA,5760.701166666667
241,ANTONINA DO NORTE,13951.375
242,APUIARES,4213.884162990744
243,AQUIRAZ,8709.146433574257
244,ARACATI,21189.83564539007
245,ARACOIABA,339696.68653205124
246,ARARIPE,472313.09975
247,ASSARE,819921.85
248,BANABUIU,11579.446234471177
249,BARBALHA,37785.00679323934
250,BARREIRA,183396.10392857142
251,BARRO,52695.76318181818
252,BEBERIBE,13060.448328125
253,BELA CRUZ,255040.27928909953
254,BOA VIAGEM,4473.838641509434
255,BREJO SANTO,6998.501774159883
256,CAMPOS SALES,74876.78890936877
257,CANINDE,3806.6315789473683
258,CASCAVEL,8794.86421818182
259,CATARINA,492.58813181741584
260,CAUCAIA,22160.226428571426
261,CHOROZINHO,178692.9405117647
262,CRATEUS,5878.461472222222
263,CRATO,71527.19833333333
264,CRUZ,184.62437007874016
265,EUSEBIO,10603.432485521886
266,FARIAS BRITO,61781.749
267,FORQUILHA,2507.3684500000004
268,FORTALEZA,15706.935833333333
269,FRECHEIRINHA,2278.8269696969696
270,GENERAL SAMPAIO,503.7583583333334
271,GRANJA,607984.85
272,GROAIRAS,11319.450232435125
273,GUAIUBA,206253.66173913042
274,HIDROLANDIA,54361.318636363634
275,HORIZONTE,32620.56909090909
276,IBARETAMA,78312.3596
277,IBIAPINA,4612132.511166668
278,ICAPUI,50602.807241379305
279,ICO,28639.51893851508
280,IGUATU,74810.50414285714
281,IPAUMIRIM,91065.21445334928
282,IRACEMA,13737137.653549999
283,IRAUCUBA,1727.7468691771069
284,ITAICABA,4934.5728809130915
285,ITAITINGA,22264.679409999997
286,ITAPAJE,110231.90958333334
287,ITAPIPOCA,49643.931976149914
288,ITAPIUNA,178109.645
289,ITAREMA,79058.33309999999
290,JAGUARETAMA,233849.80336164188
291,JAGUARIBE,10721.48401823467
292,JAGUARUANA,37753.98351351351
293,JARDIM,429.8239879460556
294,JUAZEIRO DO NORTE,38328.30235294117
295,JUCAS,3123.210814434524
296,LIMOEIRO DO NORTE,22880.133647959185
297,MARACANAU,16403.341714903945
298,MARANGUAPE,69148.393125
299,MARCO,89938.03390000001
300,MASSAPE,12803.2032
301,MAURITI,10462791.559193121
302,MILHA,50004.52217348545
303,MISSAO VELHA,93985.7401411309
304,MORADA NOVA,19825.782583514494
305,NOVA OLINDA,82452.67
306,NOVA RUSSAS,123234.66666666667
307,OCARA,133739.44039215686
308,PACAJUS,16543.6273
309,PACATUBA,35726.08273148148
310,PACOTI,5304.355130912533
311,PALHANO,921345.125
312,PARAIPABA,3617.15166
313,PARAMBU,36779.460052011906
314,PARAMOTI,512.6383703703704
315,PENTECOSTE,23486.908166666668
316,PINDORETAMA,57286.19457377049
317,PIQUET CARNEIRO,4852.913444444444
318,QUITERIANOPOLIS,18587.86250418936
319,QUIXADA,3122.3933796150204
320,QUIXERAMOBIM,28004.904620390927
321,QUIXERE,14698.82898
322,RUSSAS,17199.64791920271
323,SANTA QUITERIA,738.0664826540284
324,SANTANA DO ACARAU,557207.2025106609
325,SAO BENEDITO,6.845306818181818
326,SAO GONCALO DO AMARANTE,11497.863157894737
327,SAO JOAO DO JAGUARIBE,10001052.0
328,SAO LUIS DO CURU,29980.45693137255
329,SENADOR POMPEU,4075563.39
330,SOBRAL,29302.676683168316
331,SOLONOPOLE,24491.12628909552
332,TABULEIRO DO NORTE,8208.625606725147
333,TARRAFAS,109377.88197176903
334,TAUA,182216.85714285713
335,TIANGUA,33087.2794
336,TRAIRI,96812.01164705883
337,UBAJARA,4958.05865
338,URUOCA,320968.4
339,VARZEA ALEGRE,97941.62
340,VICOSA DO CEARA,49954.409250000004
341,BRASILIA,20936.904170299
342,AFONSO CLAUDIO,32185.885
343,AGUA DOCE DO NORTE,12497.407878787879
344,AGUIA BRANCA,72836.50089771657
345,ALEGRE,1948.749335964087
346,ALFREDO CHAVES,3898.2482316877813
347,ALTO RIO NOVO,50243.15670510948
348,ANCHIETA,20400.033714285717
349,ARACRUZ,27390.0
350,BAIXO GUANDU,2080.612265555225
351,BARRA DE SAO FRANCISCO,20383.895977777778
352,BOA ESPERANCA,157001.0266
353,BOM JESUS DO NORTE,37182.20478246132
354,CACHOEIRO DE ITAPEMIRIM,17282.173000000003
355,CARIACICA,18588.758941303036
356,CASTELO,22677.930010043874
357,COLATINA,13507.65504
358,CONCEICAO DA BARRA,309774.48522267205
359,CONCEICAO DO CASTELO,56812.566421349686
360,DOMINGOS MARTINS,14761.2578125
361,DORES DO RIO PRETO,2.7622543933054393
362,ECOPORANGA,34711.422333333336
363,FUNDAO,18628.360430379747
364,GOVERNADOR LINDENBERG,3387426.804698217
365,GUACUI,24891.02033412356
366,GUARAPARI,10214.605308254964
367,IBATIBA,898.5084426229508
368,IBIRACU,1598527.471696589
369,ICONHA,96059.1610455874
370,IRUPI,50.44304657994125
371,ITAGUACU,11899.264381692981
372,ITAPEMIRIM,17795.811138014527
373,ITARANA,794.8700073431072
374,IUNA,33081.042329353055
375,JAGUARE,4443.979956230944
376,JERONIMO MONTEIRO,171499.09859845872
377,JOAO NEIVA,29133.240824999997
378,LINHARES,30322.3836
379,MANTENOPOLIS,8325.991923076923
380,MARECHAL FLORIANO,3092.3301345668633
381,MARILANDIA,932.3417
382,MIMOSO DO SUL,57557884.76241667
383,MONTANHA,62509.29311883721
384,MUNIZ FREIRE,2666.2834433133053
385,NOVA VENECIA,68132.22866666666
386,PINHEIROS,27134.89737492812
387,PIUMA,2577229.272546844
388,RIO BANANAL,419987.4825666667
389,RIO NOVO DO SUL,4873512.450681502
390,SANTA LEOPOLDINA,7238.451507936508
391,SANTA MARIA DE JETIBA,106819.05801783626
392,SANTA TERESA,25763.885416666668
393,SAO DOMINGOS DO NORTE,7781.808458333333
394,SAO GABRIEL DA PALHA,7455.443088704994
395,SAO JOSE DO CALCADO,101280.75923076924
396,SAO MATEUS,47135.77500377358
397,SAO ROQUE DO CANAA,25135.58018828452
398,SERRA,11469.916406767483
399,SOORETAMA,10442.69511384335
400,VARGEM ALTA,42558.875264285714
401,VENDA NOVA DO IMIGRANTE,29727.610576351755
402,VIANA,13872.24006440678
403,VILA PAVAO,3164.1597673611113
404,VILA VELHA,13282.906842105263
405,VITORIA,38279.13341772152
406,ABADIANIA,3124.4714147909967
407,ACREUNA,2477.3887777777777
408,ADELANDIA,9571672.08
409,AGUAS LINDAS DE GOIAS,16929.59937007874
410,ALEXANIA,879822.985
411,ALTO HORIZONTE,28958.50385310646
412,ANAPOLIS,15400.155555555555
413,ANICUNS,3392.7657380952382
414,APARECIDA DE GOIANIA,43861.561298805274
415,BARRO ALTO,12577.106354166666
416,BELA VISTA DE GOIAS,2667.9674894400837
417,BRAZABRANTES,104891.20333333332
418,BRITANIA,555093.8129040698
419,BURITI ALEGRE,67728.5476923077
420,CABECEIRAS,14157.755
421,CACHOEIRA ALTA,17579.447778440368
422,CACHOEIRA DOURADA,40444.97371119134
423,CACU,50289.87116071429
424,CAIAPONIA,36427.19830943396
425,CALDAS NOVAS,102058.64544161201
426,CAMPINORTE,6.401980301196718
427,CAMPO LIMPO DE GOIAS,11430.455464789575
428,CATALAO,32003.42867256637
429,CAVALCANTE,27368.072
430,CERES,1009.6057870523416
431,CEZARINA,8661.66
432,CHAPADAO DO CEU,44849.35808187134
433,CIDADE OCIDENTAL,854.6677724358973
434,COCALZINHO DE GOIAS,239565.54142857142
435,CORUMBAIBA,821.2350998910897
436,CRISTALINA,35140.54771666667
437,CRIXAS,39244.84117647059
438,DAMOLANDIA,42102.3296
439,DAVINOPOLIS,12630.854558441557
440,DIVINOPOLIS DE GOIAS,10072.194065862406
441,DOVERLANDIA,60761.43662666666
442,EDEALINA,30366.97129873738
443,EDEIA,130715.2814
444,FAZENDA NOVA,16596.647540983606
445,FORMOSA,14408.10154533514
446,GOIANAPOLIS,70664.36395312095
447,GOIANESIA,17350.997846666665
448,GOIANIA,21677.407272309756
449,GOIANIRA,40350.71124279835
450,GOIATUBA,40149.402
451,GUAPO,26791.725
452,GUARANI DE GOIAS,462956.9818
453,GUARINOS,43519.81225405225
454,INDIARA,82402.89711666666
455,INHUMAS,24671.08564992428
456,IPAMERI,2849845.82
457,IPORA,2001.9993543908363
458,ITABERAI,3058.2281135799685
459,ITAPACI,5276.69685446906
460,ITAPURANGA,871.1639902100403
461,ITAUCU,376.90203285420944
462,ITUMBIARA,28683.426666666666
463,JANDAIA,60160.73184422111
464,JARAGUA,8199.274551324725
465,JATAI,19585.20915824916
466,LUZIANIA,10754.4504
467,MARA ROSA,142600.48333333334
468,MINACU,1057.841712921516
469,MINEIROS,23654.868333333332
470,MONTE ALEGRE DE GOIAS,13685.5753125
471,MONTES CLAROS DE GOIAS,3920.303076049943
472,MONTIVIDIU,90578.89521503035
473,MONTIVIDIU DO NORTE,2634.65966
474,MORRINHOS,4953.446695414132
475,MOSSAMEDES,350616.83127192984
476,MOZARLANDIA,72996.98327894736
477,MUTUNOPOLIS,67658.0
478,NAZARIO,21119.263717948717
479,NEROPOLIS,70303.23160666667
480,NIQUELANDIA,8374.529318125726
481,NOVA AURORA,1643.42845
482,NOVA VENEZA,15153.738166666668
483,ORIZONA,38789.3635280509
484,OUVIDOR,43861.58
485,PALMEIRAS DE GOIAS,4809.711833333334
486,PARAUNA,252236.08
487,PEROLANDIA,12356.837772222221
488,PILAR DE GOIAS,36681.2
489,PIRACANJUBA,83111.4
490,PIRANHAS,53517.954909090906
491,PIRENOPOLIS,31521.079356666665
492,PIRES DO RIO,14743.877222222221
493,PLANALTINA,8996.147219512195
494,PORANGATU,33880.44299994787
495,PORTEIRAO,126765.84278911565
496,PORTELANDIA,432.718235
497,POSSE,26002.813333333335
498,QUIRINOPOLIS,40724.988501643194
499,RIALMA,38365.94117142324
500,RIO VERDE,30168.043100000003
501,SANTA BARBARA DE GOIAS,4621.251148387782
502,SANTA CRUZ DE GOIAS,8170.0697222222225
503,SANTA FE DE GOIAS,17980.09594095941
504,SANTA HELENA DE GOIAS,20239.591812582534
505,SANTA ROSA DE GOIAS,3759.8746
506,SANTO ANTONIO DA BARRA,450635.18047385616
507,SAO FRANCISCO DE GOIAS,220868.8047142857
508,SAO LUIS DE MONTES BELOS,140807.08631081082
509,SAO MIGUEL DO PASSA QUATRO,7147.4747560048645
510,SAO SIMAO,18794.470460714285
511,SENADOR CANEDO,26889.844230562525
512,SERRANOPOLIS,93695.0704109589
513,SILVANIA,61454.700000000004
514,TRINDADE,27410.838799999998
515,TROMBAS,3844.379905734486
516,TURVELANDIA,14424.493984231754
517,URUACU,1163918.3621850987
518,VALPARAISO DE GOIAS,16985.9
519,VIANOPOLIS,48366.06431282939
520,VICENTINOPOLIS,2375.6455056179775
521,VILA BOA,228254.1681788369
522,VILA PROPICIO,7182.028947368421
523,ACAILANDIA,26241.836831439396
524,ANAJATUBA,51.86627872511576
525,ARAME,420.44478204414764
526,AXIXA,3102.96837616253
527,BACABEIRA,14205.302
528,BALSAS,297.77669510764656
529,BARRA DO CORDA,69165.13553747398
530,BELA VISTA DO MARANHAO,3890350.615
531,BENEDITO LEITE,16721.41
532,CAMPESTRE DO MARANHAO,54980.257999999994
533,CARUTAPERA,449.0692125448029
534,CAXIAS,5746.709393939394
535,CHAPADINHA,23501.148
536,CODO,13361.327935880576
537,COELHO NETO,2715.1719332790153
538,COLINAS,24261.328512413358
539,ESTREITO,132183.8946
540,GODOFREDO VIANA,123212026.74
541,GOVERNADOR EDISON LOBAO,224203.67974358975
542,GRAJAU,17296.82551641587
543,IMPERATRIZ,29954.295816326532
544,ITAPECURU MIRIM,108586.8495
545,JOAO LISBOA,93831.04444444444
546,MIRADOR,1.70861172626611
547,MIRANDA DO NORTE,21136.062406458877
548,MIRINZAL,3040.5405462463523
549,PACO DO LUMIAR,438.2609385842178
550,PARAIBANO,42.11864347826087
551,PASSAGEM FRANCA,102574.45237852665
552,PAULINO NEVES,3626.3737024221455
553,PORTO FRANCO,18765.924640440993
554,PRESIDENTE DUTRA,23064.86
555,ROSARIO,60326.88825
556,SANTA INES,790557.9288611112
557,SANTA RITA,17657.641116475097
558,SANTO ANTONIO DOS LOPES,42436.37429
559,SAO FRANCISCO DO BREJAO,66.44315915341384
560,SAO JOSE DE RIBAMAR,164225.07838787878
561,SAO LUIS,20277.97357142857
562,SAO RAIMUNDO DAS MANGABEIRAS,596366.9696153846
563,SITIO NOVO,1704.5906593028133
564,TIMON,39814.93507147813
565,TUNTUM,2477.2367
566,TUTOIA,2114387.5165805947
567,VILA NOVA DOS MARTIRIOS,31929.681189130435
568,VITORIA DO MEARIM,2709260.18
569,ZE DOCA,3338.131261190145
570,ACORIZAL,425.3258832065007
571,AGUA BOA,15676.34
572,ALTA FLORESTA,51748.975
573,ALTO ARAGUAIA,8914.278167138815
574,ALTO TAQUARI,6432.6525147636285
575,ARAGUAIANA,334377.0295779132
576,ARAPUTANGA,494.9329139228886
577,ARIPUANA,25709.40487179487
578,BARRA DO BUGRES,2449.968312702623
579,BARRA DO GARCAS,14470.505294117647
580,BOM JESUS DO ARAGUAIA,13148.605903076923
581,BRASNORTE,2382.0196814916767
582,CACERES,1572.4993356953055
583,CAMPO NOVO DO PARECIS,499.8683201533669
584,CAMPO VERDE,103347.43426829268
585,CASTANHEIRA,303530.68
586,COCALINHO,3661.8949999999995
587,COLIDER,2801.587711340206
588,COLNIZA,259.3286226262678
589,CONFRESA,11254.037083333333
590,CUIABA,13022.564261363636
591,DIAMANTINO,83194.85089532497
592,GUARANTA DO NORTE,82624.0
593,ITANHANGA,40.00292506868981
594,ITAUBA,5291388.5540000005
595,JANGADA,25519.749489462763
596,JUARA,7681.344356725146
597,JUINA,9151.937784496313
598,JURUENA,4868.79613163385
599,JUSCIMEIRA,7412.088497240755
600,LAMBARI D'OESTE,13530.188335143945
601,LUCAS DO RIO VERDE,20656.36541401274
602,MATUPA,1878195.5004285711
603,MIRASSOL D'OESTE,48910.57785714285
604,NOBRES,18983.76984126984
605,NORTELANDIA,9334183.561835937
606,NOVA MARILANDIA,15013.212778274177
607,NOVA MUTUM,16763.441600000002
608,NOVA OLIMPIA,81538.62424242424
609,NOVA XAVANTINA,33443.9463896507
610,PARANATINGA,36107.23568376801
611,PEDRA PRETA,2342.0986527777777
612,PEIXOTO DE AZEVEDO,22991.4875
613,PONTES E LACERDA,6705.590623686055
614,PORTO ESPERIDIAO,1834.5532204724257
615,PRIMAVERA DO LESTE,33074.95792415169
616,QUERENCIA,15897.106272845529
617,RIBEIRAO CASCALHEIRA,272543.7075
618,RONDONOPOLIS,14484.99
619,SAO JOSE DOS QUATRO MARCOS,22378.83775510204
620,SAPEZAL,12608.932743351887
621,SINOP,47822.02006993007
622,SORRISO,111157.60086805557
623,TANGARA DA SERRA,20403.020286802854
624,TERRA NOVA DO NORTE,3251.9744335722307
625,VARZEA GRANDE,9667.540402199707
626,VILA BELA DA SANTISSIMA TRINDADE,28969.129170840657
627,VILA RICA,5465.56554687995
628,AGUA CLARA,430272.71224207623
629,AMAMBAI,219241.87620689656
630,ANASTACIO,5213.265739143757
631,ANGELICA,11081.557470030442
632,APARECIDA DO TABOADO,13118.17242845787
633,AQUIDAUANA,1700.9404796816234
634,ARAL MOREIRA,4410.882655172413
635,BANDEIRANTES,105616.08023333334
636,BATAGUASSU,10605.506026785715
637,BATAYPORA,14903.323976148582
638,BELA VISTA,14600.792482041119
639,BODOQUENA,150903.04910714284
640,BONITO,10965.841391284495
641,BRASILANDIA,30556.38267562214
642,CAARAPO,26501.128444444446
643,CAMAPUA,9229968.9
644,CAMPO GRANDE,20222.00579710145
645,CASSILANDIA,10514.329
646,CHAPADAO DO SUL,19614.3753908046
647,CORUMBA,19516.58620689655
648,COSTA RICA,5468.162389534884
649,COXIM,25184.148933333334
650,DEODAPOLIS,6842.204840790089
651,DOIS IRMAOS DO BURITI,1215.07447
652,DOURADOS,19929.52831858407
653,ELDORADO,22746.042577565633
654,FATIMA DO SUL,6690.750127833629
655,GLORIA DE DOURADOS,21059.881375
656,IGUATEMI,152516.4914951923
657,INOCENCIA,27642.555999705815
658,ITAPORA,20416.86049382716
659,ITAQUIRAI,232123.65
660,IVINHEMA,5338.751230319654
661,JATEI,29769.460486666667
662,JUTI,37516.84714677833
663,LADARIO,924584.3720429185
664,MARACAJU,68093.84672492492
665,MIRANDA,133244.245
666,MUNDO NOVO,613.0314140350878
667,NAVIRAI,13304.921045431238
668,NIOAQUE,9848.482104529548
669,NOVA ALVORADA DO SUL,2626.615555969517
670,NOVA ANDRADINA,11253.447091291062
671,PARAISO DAS AGUAS,27484.9882
672,PARANAIBA,41780.39282572614
673,PONTA PORA,15074.446727272727
674,PORTO MURTINHO,152698.3024929972
675,RIBAS DO RIO PARDO,1453757.5455077419
676,RIO BRILHANTE,32200.895135249175
677,RIO NEGRO,78354.42506052632
678,RIO VERDE DE MATO GROSSO,14785.03631147541
679,ROCHEDO,4290.357727272727
680,SANTA RITA DO PARDO,7561.635502857374
681,SAO GABRIEL DO OESTE,859.4072037657729
682,SELVIRIA,3197.4256
683,SETE QUEDAS,80797.25800275482
684,SIDROLANDIA,9865.049795918367
685,SONORA,53829.84243333333
686,TERENOS,54213.82423333333
687,TRES LAGOAS,13630.225895470383
688,VICENTINA,5063.752267486549
689,ABADIA DOS DOURADOS,12962.719844674086
690,ABAETE,19245.82
691,ABRE CAMPO,1291.2080693820728
692,ACAIACA,6396401.802293578
693,ACUCENA,119480.37257142857
694,AGUANIL,2328.9676884779515
695,AGUAS FORMOSAS,946.1712588343747
696,AGUAS VERMELHAS,28775607.01189655
697,AIMORES,5847.86984126984
698,AIURUOCA,21291.426947535772
699,ALAGOA,408723.58542857144
700,ALEM PARAIBA,55255.74311926605
701,ALFENAS,32639.846941838652
702,ALFREDO VASCONCELOS,80643.80477876106
703,ALPERCATA,28453.568110526314
704,ALPINOPOLIS,44500.11524051502
705,ALTEROSA,843055.3584
706,ALTO RIO DOCE,25143.7475
707,ALVARENGA,1809.3008671875
708,ALVINOPOLIS,53711.3312
709,ANDRADAS,11707.953417553934
710,ANDRELANDIA,117361.6343
711,ANTONIO CARLOS,29614.30643192488
712,ANTONIO DIAS,1526.4504997561623
713,ARACAI,208054.80558333333
714,ARACUAI,373813.3735225694
715,ARAGUARI,20195.1133406463
716,ARAPORA,18312.586098484848
717,ARAPUA,10828.971136363636
718,ARAUJOS,24541.303036175712
719,ARAXA,19153.60972022939
720,ARCEBURGO,26925.824487427468
721,ARCOS,16713.321241666665
722,AREADO,44052.625
723,ASTOLFO DUTRA,16531.17942408377
724,ATALEIA,260722.416729249
725,AUGUSTO DE LIMA,28476.255924528305
726,BAEPENDI,15576.518122866893
727,BAMBUI,32691.694585365854
728,BANDEIRA DO SUL,921.0903167420814
729,BARAO DE COCAIS,27345.464285714286
730,BARBACENA,15868.353887096775
731,BARROSO,31793.30689873418
732,BELMIRO BRAGA,5788.936814814814
733,BELO HORIZONTE,24653.43959506658
734,BELO ORIENTE,45812.53952380952
735,BELO VALE,12749.641111111112
736,BERIZAL,5101.552511021229
737,BERTOPOLIS,44939.664175732214
738,BETIM,24013.35815987934
739,BOCAINA DE MINAS,5206.330194197473
740,BOCAIUVA,8321.476969140436
741,BOM DESPACHO,21663.684210526317
742,BOM JARDIM DE MINAS,1787.42750795144
743,BOM REPOUSO,3427.55994100295
744,BOM SUCESSO,35465.986659137154
745,BONFIM,3723.413555555556
746,BORDA DA MATA,5090.6675
747,BOTELHOS,667.1288082116286
748,BOTUMIRIM,14348062.853101267
749,BRASILIA DE MINAS,139104.6
750,BRASOPOLIS,6408.423656343656
751,BRUMADINHO,17153.156933333332
752,BUENO BRANDAO,1559.4724124098866
753,BURITIS,21553.07750133153
754,BURITIZEIRO,197474.21973833832
755,CABECEIRA GRANDE,1889907.0188929387
756,CABO VERDE,52033.39525946372
757,CACHOEIRA DA PRATA,24032.5825
758,CACHOEIRA DE MINAS,1267.3156202356201
759,CACHOEIRA DE PAJEU,826.1936269791668
760,CAETANOPOLIS,94443.20087912088
761,CAETE,33282.89942610423
762,CALDAS,26097.42255
763,CAMANDUCAIA,63030.64357769231
764,CAMBUI,2318.0703339517627
765,CAMBUQUIRA,1590316.2643572872
766,CAMPANARIO,15219.1178
767,CAMPANHA,2539.532497865759
768,CAMPESTRE,11734.518
769,CAMPINA VERDE,32610.39947368421
770,CAMPO BELO,25105.05602124183
771,CAMPO FLORIDO,51721.8352631579
772,CAMPOS GERAIS,11022.489515347334
773,CANA VERDE,63456.67128316548
774,CANAPOLIS,14417.571731944445
775,CANTAGALO,29453.73585
776,CAPELINHA,122826.695
777,CAPETINGA,4937222.877272727
778,CAPINOPOLIS,19731.029670804597
779,CAPITAO ENEAS,3340.0898876404494
780,CAPITOLIO,4748.513802578019
781,CARAI,45038.38084292929
782,CARANDAI,23538.174048991354
783,CARANGOLA,20931.192406015038
784,CARATINGA,11074.95
785,CARBONITA,7804.550595143121
786,CAREACU,830300.6291143497
787,CARLOS CHAGAS,4469.352344174757
788,CARMO DA MATA,9057.964969325154
789,CARMO DE MINAS,28165.659542857145
790,CARMO DO CAJURU,16277.7275
791,CARMO DO PARANAIBA,20175.88686462882
792,CARMO DO RIO CLARO,24071.637998425198
793,CARMOPOLIS DE MINAS,4241.170300000001
794,CARNEIRINHO,19454.14432019389
795,CARRANCAS,750474.25
796,CARVALHOS,118775.64706315093
797,CASSIA,16981.79601775701
798,CATAGUASES,7289.29
799,CATAS ALTAS,109633.2010761811
800,CATAS ALTAS DA NORUEGA,583158.7827568607
801,CAXAMBU,5336.611474181069
802,CENTRALINA,1052459.7314285715
803,CHIADOR,553691.215
804,CLARAVAL,16970.54466666667
805,CLARO DOS POCOES,2989986.117
806,CLAUDIO,16630.796319875775
807,COIMBRA,485.09097475001795
808,COLUNA,144435.36545454545
809,COMERCINHO,475692.03385
810,CONCEICAO DAS ALAGOAS,24362.49018269231
811,CONCEICAO DE IPANEMA,8445.111111111111
812,CONCEICAO DO MATO DENTRO,31988.263421501702
813,CONCEICAO DO PARA,10956.24184107946
814,CONCEICAO DOS OUROS,12786.778728448277
815,CONFINS,827960.055375
816,CONGONHAL,47557.24793333334
817,CONGONHAS,10619.870130725894
818,CONGONHAS DO NORTE,415908.40146666666
819,CONQUISTA,680947.7050000001
820,CONSELHEIRO LAFAIETE,1307.9876454636742
821,CONSELHEIRO PENA,8645.032857142856
822,CONTAGEM,31553.0924
823,COQUEIRAL,3278.894153633855
824,CORDISBURGO,1084.729090909091
825,CORINTO,49660.265524557166
826,COROMANDEL,16057.731073717949
827,CORONEL FABRICIANO,111466.49488617887
828,CORONEL XAVIER CHAVES,10580.776750017278
829,CORREGO FUNDO,13435.261416666668
830,CRISTAIS,16910.085062910744
831,CRISTIANO OTONI,10.191973341350973
832,CRISTINA,74.43052105263158
833,CRUCILANDIA,49272.67277979982
834,CRUZILIA,281929.66000000003
835,CURRAL DE DENTRO,193.55739088575095
836,CURVELO,106377.30538461538
837,DATAS,1266260.4522647392
838,DELFINOPOLIS,86713.5478544323
839,DELTA,24737.5356983862
840,DESTERRO DE ENTRE RIOS,10975.02345117256
841,DIAMANTINA,12270.555652173913
842,DIONISIO,5713.281328238999
843,DIVINO,73979.84617977528
844,DIVINO DAS LARANJEIRAS,5302361.97565
845,DIVINOPOLIS,23173.98609999608
846,DIVISA ALEGRE,8766.106058536587
847,DOM CAVATI,19639.99895710499
848,DOM SILVERIO,47792.0
849,DORES DE GUANHAES,14176.669375000001
850,DORES DO INDAIA,8598.049384615384
851,DORESOPOLIS,31889.8264375
852,DOURADOQUARA,1212313.23
853,DURANDE,14988.777777777777
854,ELOI MENDES,10795.3304964539
855,ENGENHEIRO CALDAS,15138.092666666667
856,ENTRE FOLHAS,7430.344015789474
857,ENTRE RIOS DE MINAS,27501.59483702461
858,ERVALIA,429.88153846153847
859,ESMERALDAS,14287.2476
860,ESPERA FELIZ,77242.0862
861,ESPINOSA,4298.781567391088
862,ESPIRITO SANTO DO DOURADO,18499.384265402845
863,ESTIVA,32824.13702819576
864,ESTRELA DO SUL,15250.417270742359
865,EXTREMA,13144.401975437697
866,FARIA LEMOS,53978.67612179487
867,FELICIO DOS SANTOS,338979.65185714286
868,FELIXLANDIA,874.0525468837037
869,FORMIGA,56299.231160130716
870,FORTALEZA DE MINAS,942.4403997256516
871,FORTUNA DE MINAS,6194.213340363242
872,FRANCISCO SA,428250.61027777777
873,FRANCISCOPOLIS,911.4637491792515
874,FREI GASPAR,8003.946871257804
875,FRONTEIRA,10886.631578947368
876,FRUTAL,12678.589321955005
877,FUNILANDIA,51474.627431941924
878,GALILEIA,21650.955350877193
879,GLAUCILANDIA,14868.561882086167
880,GOIANA,22583.5
881,GOUVEIA,53555.44203703704
882,GOVERNADOR VALADARES,13416.6225
883,GRAO MOGOL,282643.91
884,GUANHAES,7636.202199052041
885,GUAPE,2900.9464092761436
886,GUARACIABA,57187.25905956113
887,GUARANESIA,4464.96046
888,GUARANI,729.2156714285713
889,GUARARA,1163.9767857142858
890,GUARDA-MOR,6789.2694453781505
891,GUAXUPE,11359.73200367647
892,GUIDOVAL,2184.929572649573
893,GUIMARANIA,76375.50707692308
894,GUIRICEMA,18140.402395348836
895,GURINHATA,60026.878787878784
896,HELIODORA,43475.24170909091
897,IBIA,4787.366389000985
898,IBIRACI,127433.4915
899,IBIRITE,31789.893632284962
900,IBITIURA DE MINAS,26539.035
901,IBITURUNA,30612.79
902,IGARAPE,38366.65495314592
903,IGARATINGA,20322.450890052358
904,IGUATAMA,29217.45203125
905,IJACI,23975.86595238095
906,IMBE DE MINAS,18295.068341178616
907,INCONFIDENTES,25894.969643835615
908,INDAIABIRA,1034912.97
909,INDIANOPOLIS,2543.387948717949
910,INGAI,434463.4276470588
911,INHAPIM,323885.60714285716
912,INHAUMA,95.47471250180409
913,IPABA,7147.878
914,IPANEMA,11637.920555555555
915,IPATINGA,32913.85998013674
916,IPUIUNA,47385.85306444438
917,IRAI DE MINAS,2824.587675181101
918,ITABIRA,52917.163432432426
919,ITABIRITO,27069.915582205314
920,ITACARAMBI,44537.20060606061
921,ITAGUARA,13665.741529774128
922,ITAJUBA,59850.626361989314
923,ITAMARANDIBA,36105.5674
924,ITAMBACURI,30250.23353982301
925,ITAMOGI,70626.56145833334
926,ITAMONTE,35084.69975
927,ITANHANDU,15580.835332601378
928,ITAOBIM,38568.143448275856
929,ITAPAGIPE,5192.582511398736
930,ITAPECERICA,6836.593220338983
931,ITAPEVA,78070.77179121174
932,ITATIAIUCU,64021.85839826839
933,ITAU DE MINAS,5005.228060368921
934,ITAUNA,34033.605
935,ITAVERAVA,186.77116842857143
936,ITINGA,4937.733666469545
937,ITUETA,1377.428427184466
938,ITUIUTABA,7316.685468897469
939,ITURAMA,10675.672141666666
940,JABOTICATUBAS,4321.587664153627
941,JACUI,43.349596969696975
942,JACUTINGA,2757.0715147694523
943,JAGUARACU,53167.06517936224
944,JAIBA,231041.0182916667
945,JAMPRUCA,65.16480670103094
946,JANAUBA,22067.55
947,JANUARIA,23413.29729080951
948,JAPARAIBA,3574631.2983427537
949,JECEABA,104690.08696551724
950,JEQUERI,73907.84145833334
951,JEQUITIBA,9540.81035958904
952,JOAO MONLEVADE,24055.963499999998
953,JOAO PINHEIRO,14478.741875
954,JOSE RAYDAN,30265.882333333335
955,JUATUBA,32324.82200725514
956,JUIZ DE FORA,24688.991428571433
957,JURUAIA,86036.47936507936
958,LAGAMAR,78706.52312867956
959,LAGOA DA PRATA,28464.873125
960,LAGOA DOS PATOS,186064.0741
961,LAGOA FORMOSA,191848.0
962,LAGOA GRANDE,9971.6789
963,LAGOA SANTA,8632.15121535163
964,LAJINHA,5133.250714285714
965,LAVRAS,35214.9448
966,LEANDRO FERREIRA,4131.146366466412
967,LEOPOLDINA,46239.07296666474
968,LIBERDADE,11418.170880503145
969,LIMA DUARTE,3091.417498414711
970,LIMEIRA DO OESTE,33515.028900000005
971,LUISLANDIA,51373.34875
972,LUMINARIAS,6980.162708089098
973,LUZ,27032.172005208333
974,MACHADO,95419.66025513149
975,MADRE DE DEUS DE MINAS,604571.3121654842
976,MALACACHETA,19838.037323969693
977,MANGA,97877.345
978,MANHUACU,27800.771722280428
979,MANTENA,7672.788012034252
980,MAR DE ESPANHA,27646.912702702703
981,MARAVILHAS,12807.621103117506
982,MARIA DA FE,120172.03455000001
983,MARIANA,29751.368002672756
984,MARMELOPOLIS,64983.826925460635
985,MARTINHO CAMPOS,25692.567058991706
986,MATEUS LEME,43623.2745
987,MATIAS BARBOSA,99050.16685185184
988,MATIPO,14504.906419113413
989,MATO VERDE,29976.98925
990,MATOZINHOS,26685.471999999998
991,MATUTINA,305176.40755
992,MEDINA,20600.6980473278
993,MENDES PIMENTEL,317705.29267265945
994,MERCES,13579.5168
995,MIRABELA,91.34214673913043
996,MIRAI,111254.20039603961
997,MOEDA,680.8534899342723
998,MOEMA,10885.5503
999,MONJOLOS,96843265.63
1000,MONSENHOR PAULO,21666.59743181818
1001,MONTE ALEGRE DE MINAS,8283.945666666667
1002,MONTE BELO,35557.42823529412
1003,MONTE CARMELO,41542.48735632184
1004,MONTE SANTO DE MINAS,368472.67541335884
1005,MONTE SIAO,12367.16154578501
1006,MONTES CLAROS,27655.57348668755
1007,MONTEZUMA,18.978874097834805
1008,MORADA NOVA DE MINAS,14015.382986012799
1009,MUNHOZ,68788.48223214285
1010,MURIAE,21233.617338709675
1011,MUTUM,132419.81
1012,MUZAMBINHO,10102.203161633483
1013,NANUQUE,32222.632801932366
1014,NAQUE,61465.35047368421
1015,NAZARENO,127117.29857142856
1016,NEPOMUCENO,1891.2645818181818
1017,NOVA LIMA,22314.91503649635
1018,NOVA MODICA,38978.948021476506
1019,NOVA PONTE,6148.226451612903
1020,NOVA PORTEIRINHA,9288.586856586826
1021,NOVA SERRANA,17558.084437646507
1022,NOVA UNIAO,46260.20848932676
1023,NOVO CRUZEIRO,165.33219589257504
1024,NOVO ORIENTE DE MINAS,37088.1675605901
1025,OLIMPIO NORONHA,943.3012295081967
1026,OLIVEIRA,8700.61126356217
1027,OLIVEIRA FORTES,308307.987026455
1028,ONCA DE PITANGUI,165033.6339560241
1029,OURO BRANCO,34451.055012195124
1030,OURO FINO,21472.043589524852
1031,OURO PRETO,16967.402768139164
1032,PADRE PARAISO,214306.77071428573
1033,PAINS,21005.5307
1034,PAPAGAIOS,23127.292689655173
1035,PARA DE MINAS,37013.43088508771
1036,PARACATU,16624.412307692306
1037,PARAGUACU,2499.399198591549
1038,PARAISOPOLIS,12651.828390243902
1039,PARAOPEBA,19610.080363238514
1040,PASSA QUATRO,67810.96089298892
1041,PASSA TEMPO,40144.96238509068
1042,PASSOS,30068.357575757575
1043,PATOS DE MINAS,8957.358295473858
1044,PATROCINIO,17815.883
1045,PATROCINIO DO MURIAE,142102.11067416766
1046,PAULA CANDIDO,289850.3604761905
1047,PAULISTAS,1956327.5925
1048,PEDRA AZUL,241492.9011
1049,PEDRA DO INDAIA,19984.80894736842
1050,PEDRALVA,310126.25220833335
1051,PEDRO LEOPOLDO,19876.310256410256
1052,PEQUI,3605.9061963891054
1053,PERDIGAO,13481.128033947964
1054,PERDIZES,15491.33780283505
1055,PERDOES,37824.760714285716
1056,PERIQUITO,17693.97064010025
1057,PIEDADE DE CARATINGA,6129454.343715239
1058,PIEDADE DOS GERAIS,38386.74947136564
1059,PINTOPOLIS,741370.2235665674
1060,PIRACEMA,28572.551916666664
1061,PIRAJUBA,279.0261270236613
1062,PIRANGA,14594.66087984496
1063,PIRANGUINHO,17553.799782608698
1064,PIRAPETINGA,563088.17
1065,PIRAPORA,13444.02028432963
1066,PITANGUI,18746.75219
1067,PIUMHI,13200.520291161323
1068,POCO FUNDO,79944.23384615385
1069,POCOS DE CALDAS,19082.824016563147
1070,POMPEU,46262.520759615385
1071,PONTE NOVA,22091.38721818182
1072,PONTO DOS VOLANTES,38818.11202727273
1073,PORTEIRINHA,11694.365384615385
1074,PORTO FIRME,21410.504870672266
1075,POTE,38290.89724048801
1076,POUSO ALEGRE,43514.013424785866
1077,POUSO ALTO,81449.77161350826
1078,PRADOS,31114.89074614761
1079,PRATA,26247.3125
1080,PRATAPOLIS,134512.18236842105
1081,PRATINHA,96093.86434
1082,PRESIDENTE BERNARDES,7930.901369047619
1083,PRESIDENTE KUBITSCHEK,320871.98176281975
1084,PRESIDENTE OLEGARIO,1070433.8819
1085,PRUDENTE DE MORAIS,16870.924
1086,QUARTEL GERAL,2061.318734177215
1087,RAPOSOS,19178.61022077201
1088,RAUL SOARES,59780.5804
1089,RECREIO,64091.13441992032
1090,REDUTO,113813.31996296297
1091,RESENDE COSTA,27902.869666666666
1092,RESPLENDOR,97282.29638508018
1093,RESSAQUINHA,11101.241612179489
1094,RIACHO DOS MACHADOS,2682444.806896552
1095,RIBEIRAO DAS NEVES,26014.60671875
1096,RIBEIRAO VERMELHO,174129.23816666668
1097,RIO ACIMA,24620.99067164179
1098,RIO CASCA,5396.548847826087
1099,RIO MANSO,67514.90112948717
1100,RIO NOVO,744028.67
1101,RIO PARANAIBA,32762.608621219173
1102,RIO PIRACICABA,1352851.762
1103,RIO POMBA,36028.93469761904
1104,RIO PRETO,11579.17450845138
1105,RITAPOLIS,24.14168911298348
1106,ROCHEDO DE MINAS,33515.028900000005
1107,RODEIRO,100.41733217592594
1108,RUBELITA,486.6221985058698
1109,SABARA,20266.528370625
1110,SABINOPOLIS,228464.07786666666
1111,SACRAMENTO,7415.556734693877
1112,SALINAS,28567.390933681076
1113,SALTO DA DIVISA,12306.837452610978
1114,SANTA BARBARA,105637.02531578946
1115,SANTA BARBARA DO MONTE VERDE,36236.84420424404
1116,SANTA BARBARA DO TUGURIO,116761.66868749999
1117,SANTA CRUZ DE MINAS,55089.09050413903
1118,SANTA JULIANA,133163.49333333332
1119,SANTA MARIA DO SUACUI,66392.12
1120,SANTA RITA DE CALDAS,67087.02
1121,SANTA RITA DE IBITIPOCA,483165.220189022
1122,SANTA RITA DE JACUTINGA,7512.762863881402
1123,SANTA RITA DE MINAS,83618.23517069388
1124,SANTA RITA DO ITUETO,23500.562707142857
1125,SANTA RITA DO SAPUCAI,13444.73085
1126,SANTA ROSA DA SERRA,36463.12699999999
1127,SANTA VITORIA,47272.00094736842
1128,SANTANA DA VARGEM,58417.545876288656
1129,SANTANA DE CATAGUASES,13849.405555555555
1130,SANTANA DO JACARE,20380.242995384615
1131,SANTANA DO MANHUACU,26471014.715
1132,SANTANA DO PARAISO,16800.67991169978
1133,SANTO ANTONIO DO AMPARO,711719.4130615385
1134,SANTO ANTONIO DO MONTE,15857.657515935509
1135,SANTOS DUMONT,3945.592059444445
1136,SAO DOMINGOS DO PRATA,10371.439987707148
1137,SAO FRANCISCO DE PAULA,56032.98032644628
1138,SAO FRANCISCO DE SALES,8927.34
1139,SAO FRANCISCO DO GLORIA,975.9780714967645
1140,SAO GERALDO,22650.876340206185
1141,SAO GONCALO DO ABAETE,495.25434210526316
1142,SAO GONCALO DO PARA,46856.84068058778
1143,SAO GONCALO DO RIO ABAIXO,22393.589362318842
1144,SAO GONCALO DO SAPUCAI,22501.81137857143
1145,SAO GOTARDO,9133.170170585709
1146,SAO JOAO BATISTA DO GLORIA,5395.288394039735
1147,SAO JOAO DA PONTE,1.761601847586257
1148,SAO JOAO DEL REI,36949.90494318181
1149,SAO JOAO DO MANHUACU,17757.763636363637
1150,SAO JOAO DO MANTENINHA,79928.57927710844
1151,SAO JOAO DO ORIENTE,7890.13249
1152,SAO JOAO DO PARAISO,137080.1207142857
1153,SAO JOAO EVANGELISTA,8972.15932694966
1154,SAO JOAO NEPOMUCENO,18886.645117845117
1155,SAO JOAQUIM DE BICAS,24138.3003003003
1156,SAO JOSE DA BARRA,382682.3642237126
1157,SAO JOSE DA LAPA,27987.735714285714
1158,SAO JOSE DA VARGINHA,2159661.0
1159,SAO JOSE DO ALEGRE,644460.19
1160,SAO JOSE DO GOIABAL,63703.037375
1161,SAO JOSE DO JACURI,1010574.7604251013
1162,SAO LOURENCO,16586.240761904763
1163,SAO PEDRO DO SUACUI,197.949479531888
1164,SAO PEDRO DOS FERROS,2252961.646762674
1165,SAO ROQUE DE MINAS,1661752.7102414772
1166,SAO SEBASTIAO DA BELA VISTA,76869.63544776119
1167,SAO SEBASTIAO DO OESTE,28129.06042728277
1168,SAO SEBASTIAO DO PARAISO,17975.9
1169,SAO SEBASTIAO DO RIO PRETO,417140.0
1170,SAO SEBASTIAO DO RIO VERDE,1536585.9674166667
1171,SAO THOME DAS LETRAS,48033.51022727272
1172,SAO TIAGO,312410.77
1173,SAO TOMAS DE AQUINO,19158.97
1174,SAO VICENTE DE MINAS,18124.918070573982
1175,SARZEDO,32940.23428249488
1176,SENADOR FIRMINO,14909.525464924422
1177,SENADOR MODESTINO GONCALVES,2007.2692770221906
1178,SERITINGA,45422.97004672897
1179,SERRA DO SALITRE,115.21960572429907
1180,SERRA DOS AIMORES,60063.506681286555
1181,SERRANIA,54352.280249999996
1182,SERRO,551.152125
1183,SETE LAGOAS,14482.305936507937
1184,SILVIANOPOLIS,10253.76852
1185,SIMAO PEREIRA,142072.88223247233
1186,SOLEDADE DE MINAS,122989.75534883722
1187,TABULEIRO,193344.15129692334
1188,TAIOBEIRAS,58403.16196428571
1189,TAPARUBA,3773722.5942882155
1190,TAQUARACU DE MINAS,138799.22305
1191,TARUMIRIM,12198.189699999999
1192,TEIXEIRAS,16082.124896551722
1193,TEOFILO OTONI,58386.46558516197
1194,TIMOTEO,54674.37657894737
1195,TIROS,19748.666666666668
1196,TOCANTINS,20712.56
1197,TOLEDO,17031.359473782773
1198,TOMBOS,192507.23908536584
1199,TRES CORACOES,24813.529019514892
1200,TRES MARIAS,54003.873999999996
1201,TRES PONTAS,45347.4
1202,TUMIRITINGA,180565.4071
1203,TUPACIGUARA,27229.62002086315
1204,TURMALINA,39770.698952482664
1205,UBA,18381.509207920793
1206,UBAPORANGA,9969.180867198933
1207,UBERABA,21703.603378624175
1208,UBERLANDIA,19381.50763888889
1209,UMBURATIBA,29.999521667278973
1210,UNAI,16567.81681904762
1211,URUCANIA,23639.389642857142
1212,VARGEM ALEGRE,58142.19070000001
1213,VARGEM GRANDE DO RIO PARDO,1781.5558583088523
1214,VARGINHA,88571.55230000001
1215,VARJAO DE MINAS,69605.90901170274
1216,VARZEA DA PALMA,3693.6903653846152
1217,VAZANTE,190199.674
1218,VERISSIMO,8874.088072916666
1219,VESPASIANO,12593.231007194245
1220,VICOSA,13465.714077458806
1221,VIEIRAS,47753.86170096022
1222,VIRGEM DA LAPA,29050.35714285714
1223,VIRGINIA,2846488.59
1224,VIRGINOPOLIS,74332729.18412602
1225,VISCONDE DO RIO BRANCO,25272.683940740742
1226,VOLTA GRANDE,10890.003281733747
1227,WENCESLAU BRAZ,1059.9064166059723
1228,ABAETETUBA,6700.54305
1229,ACARA,1640.708618524502
1230,AGUA AZUL DO NORTE,279.41154
1231,ALENQUER,33675.89542857143
1232,ALMEIRIM,27118.21238238115
1233,ALTAMIRA,4785.863269230769
1234,ANANINDEUA,30687.396313364054
1235,ANAPU,2157809.5785820964
1236,BARCARENA,77906.48039173837
1237,BELEM,37601.94736842105
1238,BELTERRA,21200.77558758821
1239,BENEVIDES,32847.229166666664
1240,BOM JESUS DO TOCANTINS,18756.778853603602
1241,BRAGANCA,6838.591524261603
1242,BRASIL NOVO,1033.904458598726
1243,BREU BRANCO,9169.797391304348
1244,BREVES,377.6535117513105
1245,CANAA DOS CARAJAS,243683.86690000002
1246,CAPANEMA,10756.86848534202
1247,CAPITAO POCO,218056.25533852237
1248,CASTANHAL,10208.9645
1249,CONCEICAO DO ARAGUAIA,7830.850145356131
1250,CONCORDIA DO PARA,1463316.6177433224
1251,CUMARU DO NORTE,22626586.73
1252,CURIONOPOLIS,5287.68339935209
1253,DOM ELISEU,97703.5676121795
1254,ELDORADO DOS CARAJAS,265678.455
1255,FLORESTA DO ARAGUAIA,531763.3064
1256,IGARAPE-ACU,20076.59895
1257,INHANGAPI,43230.714374999996
1258,IPIXUNA DO PARA,66047.56554166667
1259,IRITUIA,3935.3153723670857
1260,ITAITUBA,90749.390875
1261,JACAREACANGA,2173748.3268421055
1262,JURUTI,3338.012462755102
1263,MAE DO RIO,184456.45610067272
1264,MARABA,24527.14
1265,MARITUBA,102446.7941131777
1266,MOJU,5056.995121071666
1267,MONTE ALEGRE,27301.072097428958
1268,NOVA IPIXUNA,5667.609490222972
1269,NOVO PROGRESSO,892.6498258990365
1270,NOVO REPARTIMENTO,2896.486918229599
1271,OBIDOS,36523.185
1272,OEIRAS DO PARA,175760.0825468384
1273,ORIXIMINA,47561.18083333333
1274,OURILANDIA DO NORTE,10788.493446458362
1275,PACAJA,25.823860610806577
1276,PALESTINA DO PARA,12445.370727272728
1277,PARAGOMINAS,19242.88126322088
1278,PARAUAPEBAS,101444.80477272728
1279,PICARRA,323208.5843882013
1280,PLACAS,122.16670230607967
1281,PORTEL,589246.3133333334
1282,PRAINHA,2935405.0407572114
1283,PRIMAVERA,51230.89016666667
1284,REDENCAO,94029.15
1285,RIO MARIA,68245.81502148042
1286,RONDON DO PARA,12917.710751303704
1287,RUROPOLIS,61766.63875
1288,SANTA BARBARA DO PARA,221873.62586439395
1289,SANTA ISABEL DO PARA,7128.8738416666665
1290,SANTA MARIA DAS BARREIRAS,2511.5182142857143
1291,SANTA MARIA DO PARA,10890.3701
1292,SANTANA DO ARAGUAIA,123457.78566666666
1293,SANTAREM,3456.096178571429
1294,SANTO ANTONIO DO TAUA,1213.8292618709127
1295,SAO CAETANO DE ODIVELAS,495.8657330154946
1296,SAO DOMINGOS DO ARAGUAIA,183.48099509282625
1297,SAO FELIX DO XINGU,258.9956630336803
1298,SAO GERALDO DO ARAGUAIA,14134.104000000001
1299,SAO JOAO DO ARAGUAIA,2104.241818181818
1300,SAO MIGUEL DO GUAMA,32684.953784234705
1301,SAPUCAIA,1408646.6951612905
1302,TAILANDIA,5373.821892339545
1303,TOME-ACU,1139.3886712268036
1304,TUCUMA,37436.934
1305,ULIANOPOLIS,13222.152142857143
1306,URUARA,141286.92119999998
1307,VISEU,316636.42810344824
1308,XINGUARA,11314.095125
1309,ALAGOA GRANDE,27837.3166875
1310,ALHANDRA,7326.685564303711
1311,APARECIDA,82348.76036363636
1312,AREIA,57412.85819925984
1313,BAYEUX,14306.156557894737
1314,BELEM DO BREJO DO CRUZ,12317.161180262665
1315,BOA VISTA,10568.559683524505
1316,BOM JESUS,7342.014027337827
1317,BOQUEIRAO,451923.3839130435
1318,CAAPORA,54600.590416666666
1319,CABEDELO,4892.831624407583
1320,CAJAZEIRAS,96778.14000000001
1321,CALDAS BRANDAO,1300926.3211014431
1322,CAMPINA GRANDE,60392.66871147541
1323,CATOLE DO ROCHA,5374.119441200968
1324,CONCEICAO,9210.602010204082
1325,CONGO,149178.01333333334
1326,CRUZ DO ESPIRITO SANTO,17563.827903225807
1327,CUITEGI,32.668451612903226
1328,GUARABIRA,18044.950833333332
1329,ITAPORANGA,20712.387047234148
1330,ITAPOROROCA,455.55805351275285
1331,JOAO PESSOA,11929.251149107142
1332,JUAZEIRINHO,2866.890130136986
1333,JUNCO DO SERIDO,5999.0
1334,LAGOA SECA,12416.6855
1335,LUCENA,41766.7475
1336,MALTA,137779.37608695653
1337,MAMANGUAPE,6555.925411350639
1338,MASSARANDUBA,16897.781648351647
1339,MATARACA,194891.94666666666
1340,MONTEIRO,4206635.546780805
1341,MULUNGU,61117.54137037037
1342,NOVA FLORESTA,16312.56868202765
1343,NOVA PALMEIRA,12634.731674949731
1344,OLIVEDOS,76847.8973
1345,PATOS,41525.92
1346,PAULISTA,51322.74036363637
1347,PEDRA BRANCA,15652.549285714285
1348,PEDRA LAVRADA,17912.99709715109
1349,PEDRAS DE FOGO,17517.21962264151
1350,PIANCO,1167.2947142857145
1351,PICUI,9991.498599999999
1352,PILOES,641.8982999392836
1353,PILOEZINHOS,91.05896543209877
1354,PITIMBU,50354.73265151515
1355,POMBAL,1276536.0390833332
1356,PRINCESA ISABEL,24183.81831778776
1357,PUXINANA,5999.577275
1358,QUIXABA,59219.12903225807
1359,RIO TINTO,4424.108321704834
1360,SALGADINHO,2433.6560326119707
1361,SANTA CECILIA,35676.746
1362,SAO BENTO,50026.93070500318
1363,SAO DOMINGOS DE POMBAL,17025.6104
1364,SAO JOAO DO RIO DO PEIXE,16830.802320574163
1365,SAO MIGUEL DE TAIPU,2.241085436433658
1366,SAO SEBASTIAO DE LAGOA DE ROCA,3955710.18
1367,SOBRADO,5764.6006
1368,SOLEDADE,27874.09232538462
1369,SOUSA,68522.57053291536
1370,SUME,675.4958
1371,TAPEROA,49075.96554285714
1372,TENORIO,9297.352953439378
1373,VIEIROPOLIS,1746503.4515625
1374,ADRIANOPOLIS,15039.460000000001
1375,AGUDOS DO SUL,15934.3778
1376,ALMIRANTE TAMANDARE,20717.8479901407
1377,ALTO PARAISO,17668.628157231404
1378,ALTO PARANA,159689.389102224
1379,AMAPORA,84879.40314285715
1380,AMPERE,8716.622612801679
1381,ANDIRA,252528.7282222222
1382,ANTONINA,51820.91471491229
1383,APUCARANA,14944.262764007457
1384,ARAPONGAS,9640.581235365855
1385,ARAPOTI,9200.737901559454
1386,ARARUNA,157590.87761765817
1387,ARAUCARIA,17533.25177419355
1388,ASSIS CHATEAUBRIAND,23584.364999999998
1389,ASTORGA,11493.834481782194
1390,BALSA NOVA,13733.336512617452
1391,BELA VISTA DA CAROBA,2866.3557051142548
1392,BELA VISTA DO PARAISO,3242.7941558441557
1393,BITURUNA,11669.462964530889
1394,BOA VENTURA DE SAO ROQUE,56591.08929648241
1395,BOA VISTA DA APARECIDA,8493.306811538461
1396,BOCAIUVA DO SUL,87843.895
1397,BOM SUCESSO DO SUL,1144.6160531933256
1398,BRAGANEY,12383.522789855073
1399,CAFELANDIA,4982.31
1400,CALIFORNIA,5702.75473681071
1401,CAMBARA,6804.477475106685
1402,CAMBE,7217.136573464298
1403,CAMPINA DO SIMAO,16163.898680851064
1404,CAMPINA GRANDE DO SUL,7296.779894817073
1405,CAMPO DO TENENTE,11197.352857142858
1406,CAMPO LARGO,21349.0383
1407,CAMPO MAGRO,64718.33157142857
1408,CAMPO MOURAO,22681.513526188548
1409,CANDIDO DE ABREU,9850.375466666666
1410,CANDOI,349877.957
1411,CAPITAO LEONIDAS MARQUES,21210.149178571428
1412,CARAMBEI,15262.666526428573
1413,CARLOPOLIS,56307.642324646076
1414,CASTRO,10903.05808
1415,CATANDUVAS,104731.32439084724
1416,CERRO AZUL,29779.502916666665
1417,CEU AZUL,54958.48979166666
1418,CHOPINZINHO,13017.039593540725
1419,CIANORTE,11320.938477979276
1420,CIDADE GAUCHA,20050.100584717606
1421,CLEVELANDIA,27984.262
1422,COLOMBO,18340.902428571426
1423,COLORADO,112759.49854691877
1424,CONTENDA,17737.746407090464
1425,CORBELIA,57805.00356984127
1426,CORNELIO PROCOPIO,136835.00575
1427,CORONEL DOMINGOS SOARES,528137.2528
1428,CORONEL VIVIDA,5523.127746478874
1429,CRUZEIRO DO OESTE,204004.1470777439
1430,CURITIBA,12645.27995
1431,CURIUVA,3356.7628844783517
1432,DOIS VIZINHOS,27231.465925925924
1433,ENEAS MARQUES,21708.46392081737
1434,ENGENHEIRO BELTRAO,43.16759420289855
1435,ENTRE RIOS DO OESTE,1057338.9311646712
1436,ESPIGAO ALTO DO IGUACU,20690.676920752085
1437,FAXINAL,270967.9395
1438,FAZENDA RIO GRANDE,46824.2419096129
1439,FERNANDES PINHEIRO,17903.027654999998
1440,FIGUEIRA,32353.343999999997
1441,FLOR DA SERRA DO SUL,826.402984
1442,FLORESTOPOLIS,20780.0404
1443,FOZ DO IGUACU,15022.208442462277
1444,FRANCISCO BELTRAO,22186.932723577233
1445,GOIOERE,11962.65925686093
1446,GUAIRA,29786.33825
1447,GUAMIRANGA,38.360871647509576
1448,GUARACI,33716.2
1449,GUARANIACU,196.45098451327434
1450,GUARAPUAVA,43556.206900000005
1451,GUARAQUECABA,55150.617197142856
1452,GUARATUBA,45188.002597087376
1453,HONORIO SERPA,9111.409366697993
1454,IBAITI,12188.748456790123
1455,IBEMA,788325.0
1456,IBIPORA,27836.738818181817
1457,ICARAIMA,418466.28
1458,IMBAU,3253.1229746341614
1459,IMBITUVA,12744.785416666668
1460,INACIO MARTINS,11215.277024523759
1461,IPIRANGA,38899.2356
1462,IRATI,124781.13113795622
1463,ITAIPULANDIA,2019.6371000000001
1464,ITAMBARACA,1471.13695
1465,ITAPEJARA D'OESTE,50271.14119266055
1466,ITAPERUCU,4160.981917293233
1467,IVAI,58356.99825483092
1468,IVATE,8085.241417910448
1469,JACAREZINHO,13981.476443213296
1470,JAGUAPITA,5700.930799999999
1471,JAGUARIAIVA,40754.44464627151
1472,JANDAIA DO SUL,16320.984999999999
1473,JAPURA,60396.57721311475
1474,JARDIM OLINDA,2700532.119473684
1475,JATAIZINHO,1454.1212272727273
1476,JESUITAS,8553.384285714286
1477,JOAQUIM TAVORA,14942.404999999999
1478,JUSSARA,36191.282
1479,LAPA,18693.445882352942
1480,LARANJEIRAS DO SUL,20246.71
1481,LOANDA,12116.805
1482,LOBATO,44073.0121308298
1483,LONDRINA,14777.32855
1484,MALLET,4871.465702404718
1485,MAMBORE,15186790.0
1486,MANDAGUACU,332.4843315972222
1487,MANDAGUARI,22528.916666666668
1488,MANDIRITUBA,40452.22916859793
1489,MANGUEIRINHA,43.25824581005586
1490,MARECHAL CANDIDO RONDON,31506.20034
1491,MARIALVA,63906.81192857143
1492,MARILANDIA DO SUL,5076.791248795065
1493,MARINGA,12067.682849462366
1494,MARIOPOLIS,31309.553188649803
1495,MARIPA,25810.352000000003
1496,MARMELEIRO,34187.80435526901
1497,MARUMBI,249657.74300000002
1498,MATELANDIA,17988.673523076923
1499,MAUA DA SERRA,21266.8005313093
1500,MEDIANEIRA,116679.51009896536
1501,MERCEDES,7426.662106963054
1502,MISSAL,6975.640708888888
1503,MOREIRA SALES,1250.728370221328
1504,MORRETES,2095303.273318182
1505,NOVA ESPERANCA,23850.0
1506,NOVA ESPERANCA DO SUDOESTE,77555.38175277959
1507,NOVA LONDRINA,33887.93662921348
1508,ORTIGUEIRA,123521.71
1509,PAICANDU,26621.196776493576
1510,PALMAS,15217.53105263158
1511,PALMEIRA,8055.275090261886
1512,PALOTINA,30316.288399999998
1513,PARAISO DO NORTE,483.6192961432104
1514,PARANACITY,161574.135
1515,PARANAGUA,14047.411501782231
1516,PARANAPOEMA,23227.1517
1517,PARANAVAI,40922.29081818182
1518,PATO BRAGADO,3768.792536035095
1519,PATO BRANCO,37342.3
1520,PAULO FRONTIN,68300.30782949534
1521,PEABIRU,33515.018684210525
1522,PEROBAL,159795.60395977012
1523,PIEN,94860.90866336634
1524,PINHAIS,20812.203063220622
1525,PINHALAO,2386.638231785782
1526,PINHAO,52705.382237399
1527,PIRAI DO SUL,27293.7925
1528,PIRAQUARA,24053.3205
1529,PITANGA,45832.090000000004
1530,PONTA GROSSA,13374.524878048782
1531,PORECATU,994.3543327552986
1532,PORTO VITORIA,457.25878
1533,PRADO FERREIRA,28010.452425992946
1534,PRIMEIRO DE MAIO,1373.6838166666666
1535,PRUDENTOPOLIS,14390.25237399407
1536,QUATIGUA,30545.785039913702
1537,QUATRO BARRAS,18769.696689011147
1538,QUATRO PONTES,122676.3075
1539,QUEDAS DO IGUACU,9253.536296296297
1540,QUERENCIA DO NORTE,6968.418581666667
1541,REALEZA,26142.54875
1542,REBOUCAS,5135.1955
1543,RIBEIRAO CLARO,2962.6105165384615
1544,RIBEIRAO DO PINHAL,94613.795
1545,RIO AZUL,12346.29872413793
1546,RIO BRANCO DO SUL,5450.1900000000005
1547,ROLANDIA,16548.88806595362
1548,RONDON,19710.18395
1549,SABAUDIA,6276.974888888889
1550,SANTA CRUZ DE MONTE CASTELO,12238.419182288348
1551,SANTA FE,164037.70173190365
1552,SANTA HELENA,31322.43075
1553,SANTA ISABEL DO IVAI,2463.406
1554,SANTA IZABEL DO OESTE,300408.92055555555
1555,SANTA MARIA DO OESTE,766.523214527027
1556,SANTA TEREZA DO OESTE,34010.5288
1557,SANTA TEREZINHA DE ITAIPU,7341.6181428571435
1558,SANTO ANTONIO DA PLATINA,6933.634
1559,SANTO INACIO,16875.085482005143
1560,SAO CARLOS DO IVAI,5983.294210976368
1561,SAO JOAO,58711.68493333334
1562,SAO JOAO DO TRIUNFO,45.498929158571215
1563,SAO JOSE DOS PINHAIS,12146.07667755418
1564,SAO MATEUS DO SUL,30704.616374622354
1565,SAO MIGUEL DO IGUACU,5054.68
1566,SAO PEDRO DO IVAI,32794.12564971751
1567,SAO PEDRO DO PARANA,87049.9952
1568,SAO TOME,112575.66699999999
1569,SAPOPEMA,11.005959027060989
1570,SARANDI,11373.835066964286
1571,SAUDADE DO IGUACU,103229.705
1572,SENGES,10288.855625
1573,SERRANOPOLIS DO IGUACU,351277.72376851825
1574,SERTANOPOLIS,9619.13
1575,SIQUEIRA CAMPOS,7069.520465978935
1576,SULINA,619415.1747692308
1577,TAMARANA,142492.0617833333
1578,TAMBOARA,9715.990515463916
1579,TAPEJARA,64124.63003023259
1580,TEIXEIRA SOARES,9181.496604222402
1581,TELEMACO BORBA,16966.61878333333
1582,TERRA BOA,61722.58598130842
1583,TERRA RICA,10462.65590387597
1584,TERRA ROXA,44457.37866666667
1585,TIBAGI,17215.03375
1586,TOMAZINA,19703.99875
1587,TRES BARRAS DO PARANA,15622.234222407023
1588,TUNAS DO PARANA,50876.57027692308
1589,TUPASSI,26682.95895
1590,TURVO,4999.914278260869
1591,UBIRATA,50704.310000000005
1592,UMUARAMA,64732.42791666667
1593,UNIAO DA VITORIA,13201.097963879989
1594,VENTANIA,10355.938906611895
1595,VERA CRUZ DO OESTE,125838.811875
1596,VIRMOND,894.5873939086295
1597,VITORINO,20603.37550836551
1598,ABREU E LIMA,118096.09
1599,AFRANIO,70476.69633333334
1600,ALIANCA,13.960401960343509
1601,AMARAJI,157931.70082822084
1602,ARARIPINA,20322.89585740254
1603,BARREIROS,9245.31428917749
1604,BELO JARDIM,27571.096666666665
1605,BEZERROS,20540.9972897983
1606,BODOCO,165485.37960000001
1607,BOM CONSELHO,62126.575000000004
1608,BUENOS AIRES,109927.80480000001
1609,BUIQUE,49552.09375758488
1610,CABO DE SANTO AGOSTINHO,9274.261766666667
1611,CABROBO,468.17455915989245
1612,CAMARAGIBE,45065.5147368421
1613,CARNAIBA,30839.304319047227
1614,CARPINA,44372.5412
1615,CARUARU,27540.704961538464
1616,CATENDE,3186.0165217391304
1617,CONDADO,78776.4846875
1618,CORTES,7392.708055555555
1619,CUPIRA,12468.005517241378
1620,CUSTODIA,13519.550919811321
1621,DORMENTES,156121.3293375
1622,ESCADA,1288641.0
1623,FEIRA NOVA,37729.66583892618
1624,FERREIROS,112.55555555555556
1625,FLORESTA,480051.5098174706
1626,FREI MIGUELINHO,856362.4133333333
1627,GARANHUNS,14326.10041056059
1628,GLORIA DO GOITA,538.0347197483029
1629,GRANITO,8564882.01
1630,IGARASSU,76175.0042168639
1631,INAJA,1653.3123417350903
1632,IPOJUCA,20587.349884615385
1633,IPUBI,18405.257694755113
1634,ITAPISSUMA,15808.45681818182
1635,ITAQUITINGA,14529.951909090909
1636,JABOATAO DOS GUARARAPES,20874.93119266055
1637,JOAO ALFREDO,592.9212406976744
1638,JOAQUIM NABUCO,21620.94
1639,LAGOA DO CARRO,91882.70665441177
1640,LAGOA DO ITAENGA,25016.159015384615
1641,LIMOEIRO,8386.187743300423
1642,MORENO,176122.5327111111
1643,NAZARE DA MATA,271368.4411764706
1644,OLINDA,14889.756414484125
1645,OURICURI,12016.99876884422
1646,PALMARES,57229.370233333335
1647,PARANATAMA,209686.95275699082
1648,PAUDALHO,50795.89361904762
1649,PEDRA,14337.96988235294
1650,PESQUEIRA,3058.751288244767
1651,PETROLANDIA,7036.177205853273
1652,PETROLINA,52619.394375
1653,POMBOS,205751.6
1654,QUIPAPA,727.3893548409044
1655,RECIFE,13099.805330578512
1656,RIACHO DAS ALMAS,24027.867037800686
1657,RIBEIRAO,88189.23821039904
1658,RIO FORMOSO,12907.703895601358
1659,SAIRE,113349.46
1660,SANTA CRUZ DO CAPIBARIBE,97206.24435114504
1661,SANTA MARIA DA BOA VISTA,11471.6360858313
1662,SAO BENTO DO UNA,30133.982291666664
1663,SAO CAITANO,14672.50630690567
1664,SAO JOSE DO BELMONTE,17844.275229357798
1665,SAO LOURENCO DA MATA,10148.886169533169
1666,SERRA TALHADA,7719.726847400285
1667,SERRITA,1130459.385
1668,SERTANIA,116261.167625
1669,SURUBIM,69822.336765625
1670,TABIRA,2710.5679076312394
1671,TACAIMBO,89913.52055555556
1672,TIMBAUBA,189354.40149999998
1673,TORITAMA,9687.020765625
1674,TUPARETAMA,27684.572574380167
1675,VERDEJANTE,245319.91
1676,VERTENTE DO LERIO,50049.5151
1677,VERTENTES,202938.46255
1678,VICENCIA,3552.128366521739
1679,VITORIA DE SANTO ANTAO,19893.891818198164
1680,BURITI DOS LOPES,2635040.0009999997
1681,CABECEIRAS DO PIAUI,113349.46
1682,CAMPO MAIOR,51946.27
1683,CASTELO DO PIAUI,65342.58955357142
1684,CORRENTE,160.9990909982715
1685,FLORIANO,210395.48500000002
1686,FRONTEIRAS,43489.067540792545
1687,ILHA GRANDE,973.6863598326361
1688,JUAZEIRO DO PIAUI,1057.345
1689,PARNAIBA,44807.25
1690,PICOS,17979.689076682316
1691,PIRIPIRI,1420.2675403307887
1692,SIMOES,121.5745328125
1693,SUSSUAPARA,20634.864201923076
1694,TERESINA,17504.197141203702
1695,UNIAO,12201.2615
1696,URUCUI,4632.3471
1697,ANGRA DOS REIS,71350.17981993008
1698,APERIBE,144294.07
1699,ARARUAMA,31810.783333333336
1700,AREAL,144062.60129032258
1701,BARRA DO PIRAI,9367.074796747967
1702,BARRA MANSA,11332.668290697675
1703,BELFORD ROXO,28639.401985759494
1704,BOM JARDIM,5791.903583333334
1705,BOM JESUS DO ITABAPOANA,16991979.099090908
1706,CABO FRIO,33514.83462068965
1707,CACHOEIRAS DE MACACU,77680.24975903615
1708,CAMBUCI,156867.599218555
1709,CAMPOS DOS GOYTACAZES,17626.30645954464
1710,CARDOSO MOREIRA,15576.615833333333
1711,CARMO,11228.505627876397
1712,CASIMIRO DE ABREU,9128017.312620478
1713,COMENDADOR LEVY GASPARIAN,7036.99
1714,CONCEICAO DE MACABU,11373.246193548388
1715,DUAS BARRAS,349268.5063023217
1716,DUQUE DE CAXIAS,31870.23193365494
1717,ENGENHEIRO PAULO DE FRONTIN,100816.12958849558
1718,GUAPIMIRIM,172073.30509090907
1719,ITABORAI,62659.416875
1720,ITAGUAI,387414.95174999995
1721,ITALVA,22861.45122797585
1722,ITAOCARA,70402.1185
1723,ITAPERUNA,44058.130749250755
1724,ITATIAIA,18809.9106
1725,JAPERI,39169.6289092729
1726,MACAE,16201.893436426117
1727,MACUCO,7421.061690024732
1728,MAGE,145312.24258163266
1729,MARICA,34926.8865
1730,MIGUEL PEREIRA,141745.1842857143
1731,MIRACEMA,10617.55575
1732,NATIVIDADE,852.0543560486619
1733,NITEROI,47954.21926666667
1734,NOVA FRIBURGO,38028.266083070455
1735,NOVA IGUACU,58963.788353403106
1736,PARACAMBI,83881.28877293924
1737,PARAIBA DO SUL,47694.7
1738,PARATY,20596.6024
1739,PATY DO ALFERES,61581.66248069897
1740,PETROPOLIS,17955.643677058397
1741,PINHEIRAL,9703.867344262295
1742,PIRAI,29767.63094498382
1743,PORCIUNCULA,31681396.93
1744,PORTO REAL,8198.264615384616
1745,QUATIS,10652.612307692307
1746,QUEIMADOS,11399.851636283187
1747,QUISSAMA,26942.571428571428
1748,RESENDE,10655.732394366198
1749,RIO BONITO,3722.8292
1750,RIO DAS FLORES,371213.6707608696
1751,RIO DAS OSTRAS,43636.41035714286
1752,RIO DE JANEIRO,26812.946541666664
1753,SANTA MARIA MADALENA,6.573600936544343
1754,SANTO ANTONIO DE PADUA,13182.7612
1755,SAO FIDELIS,43678.381443318314
1756,SAO FRANCISCO DE ITABAPOANA,147842.80690207158
1757,SAO GONCALO,22508.25
1758,SAO JOAO DA BARRA,52594.164067366495
1759,SAO JOAO DE MERITI,1155.5981291666667
1760,SAO JOSE DO VALE DO RIO PRETO,1286644.9721538462
1761,SAO PEDRO DA ALDEIA,44176.992647058825
1762,SAQUAREMA,575.5972380801688
1763,SEROPEDICA,29677.430800000002
1764,TANGUA,14898.477557296821
1765,TERESOPOLIS,96993.4990440367
1766,TRES RIOS,72055.30056944444
1767,VARRE-SAI,1199.3337037037038
1768,VASSOURAS,232194.564
1769,VOLTA REDONDA,14550.524661949687
1770,ACARI,8715.720292105263
1771,ALTO DO RODRIGUES,27539.748976970404
1772,APODI,11281.685733515413
1773,AREIA BRANCA,19106.456550000003
1774,ARES,12726.333799999999
1775,ASSU,31769.977554347824
1776,BAIA FORMOSA,7679.697454698577
1777,BARAUNA,123799.93827619049
1778,BARCELONA,13011.706299999998
1779,BREJINHO,67584.50238888888
1780,CAICARA DO RIO DO VENTO,11.029497946143314
1781,CAICO,6727.89205203731
1782,CANGUARETAMA,18614.098285714284
1783,CARAUBAS,5793.130131360682
1784,CARNAUBA DOS DANTAS,9248.023151612902
1785,CARNAUBAIS,2335240.79
1786,CEARA-MIRIM,4460.522031128405
1787,CRUZETA,12230.859925
1788,CURRAIS NOVOS,63764.632159090914
1789,EQUADOR,55603.86384615384
1790,GOIANINHA,30612.0985
1791,GOVERNADOR DIX-SEPT ROSADO,438.07563025210084
1792,GUAMARE,5001.889852740462
1793,ITAJA,23630.421364205205
1794,JARDIM DE PIRANHAS,12224.341537475822
1795,JARDIM DO SERIDO,67974.45142857142
1796,JOAO CAMARA,301530.51
1797,JUCURUTU,5460.565052702703
1798,LAJES,1003561.1509190476
1799,LAJES PINTADAS,45134.81
1800,LUCRECIA,62805.25215977175
1801,MACAIBA,31682.561670146137
1802,MACAU,29112.3014
1803,MOSSORO,23806.257178571428
1804,NATAL,24728.022607560568
1805,NISIA FLORESTA,56796.35625282965
1806,PARELHAS,13253.563231707318
1807,PARNAMIRIM,17203.8728
1808,PAU DOS FERROS,550881.9098039216
1809,PEDRA GRANDE,1119.63994
1810,PENDENCIAS,117916.06124150538
1811,SANTA CRUZ,61434.92
1812,SANTANA DO MATOS,1238392.9937990196
1813,SANTANA DO SERIDO,25576.491222910216
1814,SAO JOSE DE MIPIBU,22398.776174242426
1815,SAO JOSE DO CAMPESTRE,1451.805092
1816,SAO JOSE DO SERIDO,15387.695652173914
1817,TAIPU,13445.50566
1818,TANGARA,27929.125945945947
1819,TENENTE ANANIAS,1101.0375824222535
1820,UPANEMA,1769.676071750707
1821,ACEGUA,2230421.27
1822,AGUA SANTA,746.9575600000001
1823,AGUDO,150.77022
1824,AJURICABA,402.2418452380952
1825,ALEGRETE,3671.4187
1826,ALMIRANTE TAMANDARE DO SUL,7378.37794
1827,ALPESTRE,33485.963794579286
1828,ALTO ALEGRE,9237.754329501915
1829,ALVORADA,33313.59806451613
1830,AMETISTA DO SUL,20851.988300404133
1831,ANTONIO PRADO,1715.7464367816092
1832,ARARICA,5013.97
1833,ARATIBA,1335.637801724138
1834,ARROIO DO MEIO,24896.3302556391
1835,ARROIO DOS RATOS,10884.699949999998
1836,ARVOREZINHA,12249.030583333333
1837,AUGUSTO PESTANA,522977.794
1838,AUREA,45087.156613879226
1839,BAGE,13810.927715583506
1840,BALNEARIO PINHAL,2569.3164355675453
1841,BARAO,2533.032309090909
1842,BARRA FUNDA,166447.81782608695
1843,BARRACAO,38684.91691552795
1844,BENTO GONCALVES,17003.97094680851
1845,BOA VISTA DO BURICA,56750.889
1846,BOA VISTA DO SUL,9350.782277777778
1847,BOM PRINCIPIO,3976.5487694444446
1848,BOM RETIRO DO SUL,39510.72032207399
1849,BOSSOROCA,12269.974772727273
1850,BOZANO,39483.096246091016
1851,BROCHIER,16132.392285199745
1852,BUTIA,924285.2893000001
1853,CACAPAVA DO SUL,26490.1
1854,CACEQUI,1196.6982692307693
1855,CACHOEIRA DO SUL,15737.750519051708
1856,CACHOEIRINHA,35778.98864844904
1857,CAIBATE,2119861.4141575713
1858,CAICARA,37791.90035606394
1859,CAMAQUA,3397.7424302083336
1860,CAMARGO,11380.995283018869
1861,CAMBARA DO SUL,21710.577385714285
1862,CAMPO BOM,19792.29300753387
1863,CANDELARIA,56951.505999999994
1864,CANDIDO GODOI,24428.563000000002
1865,CANDIOTA,6577.125493197278
1866,CANELA,1023918.27125
1867,CANGUCU,18543.514341127622
1868,CANOAS,33575.99630882352
1869,CAPAO BONITO DO SUL,309542.8668270628
1870,CAPAO DA CANOA,17245.90235714286
1871,CAPAO DO CIPO,5739.055808383233
1872,CAPAO DO LEAO,4587.342419354838
1873,CAPELA DE SANTANA,32029.357591720483
1874,CAPIVARI DO SUL,20301.68770940171
1875,CARAZINHO,183679.24
1876,CARLOS BARBOSA,26307.828993406594
1877,CASCA,16068.745267793865
1878,CASEIROS,3858.9966400000003
1879,CATUIPE,687.3881363636365
1880,CAXIAS DO SUL,14630.826363636363
1881,CERRO GRANDE DO SUL,4170569.02828214
1882,CERRO LARGO,943.3836616800921
1883,CHAPADA,6132758.72
1884,CHARQUEADAS,29244.80013333333
1885,CHARRUA,577905.5350584445
1886,CIRIACO,2580.276615560641
1887,CONDOR,7216.175608030995
1888,CONSTANTINA,1549208.6600000001
1889,CRISTAL,27030.584045454547
1890,CRUZ ALTA,8513.977020833334
1891,DILERMANDO DE AGUIAR,1041185.387894737
1892,DOIS IRMAOS,89605.50525868725
1893,DOM FELICIANO,666775.16375
1894,DOM PEDRITO,10061.124146088958
1895,DONA FRANCISCA,9215.477707904243
1896,DOUTOR MAURICIO CARDOSO,1762.5518944901278
1897,DOUTOR RICARDO,1410524.48
1898,ELDORADO DO SUL,8070.012166666667
1899,ENCANTADO,169445.31
1900,ENCRUZILHADA DO SUL,33808.46395922303
1901,ENTRE-IJUIS,1088.9947357997012
1902,EREBANGO,32706.1740397351
1903,ERECHIM,31493.442499999997
1904,ERVAL GRANDE,17313.23
1905,ERVAL SECO,61615.90464471058
1906,ESMERALDA,541.5656279849183
1907,ESPERANCA DO SUL,3762.2693
1908,ESPUMOSO,14249.376
1909,ESTACAO,4849.435577777778
1910,ESTANCIA VELHA,22231.02
1911,ESTEIO,10645.649166666666
1912,ESTRELA,8796.976722222222
1913,EUGENIO DE CASTRO,16118.000515893455
1914,FARROUPILHA,18889.16288602941
1915,FAXINAL DO SOTURNO,16871.31049521154
1916,FAZENDA VILANOVA,36501.275582089555
1917,FELIZ,2098.2839296472985
1918,FLORES DA CUNHA,26220.096363636363
1919,FONTOURA XAVIER,1559.7057468173948
1920,FORMIGUEIRO,15328.523010204082
1921,FREDERICO WESTPHALEN,11531.178588624787
1922,GARIBALDI,7106.992649082568
1923,GAURAMA,39920.77528089887
1924,GENERAL CAMARA,19203.444444444445
1925,GETULIO VARGAS,8908.371844109195
1926,GIRUA,350687.94736842107
1927,GLORINHA,14694.681484375002
1928,GRAMADO,20732.1
1929,GRAVATAI,10959.914660194174
1930,GUAIBA,30655.834
1931,GUAPORE,23138.666666666668
1932,GUARANI DAS MISSOES,66820.99327586207
1933,HARMONIA,803.3676286124206
1934,HORIZONTINA,28515.885416666668
1935,HULHA NEGRA,12094.3003125
1936,IBIACA,218.08646428571427
1937,IBIRUBA,1814514.425740935
1938,IGREJINHA,25458.716666666667
1939,IJUI,12752.386451048951
1940,ILOPOLIS,534.9287722327441
1941,IMIGRANTE,18234.262496570645
1942,INDEPENDENCIA,47724.45212673611
1943,IPE,14873.579576923077
1944,IRAI,9708.502307692308
1945,ITAARA,5281.070145378151
1946,ITAQUI,1313486.0195965518
1947,IVOTI,57307.416145038165
1948,JACUIZINHO,818.4300742268041
1949,JAGUARI,28469.332891682785
1950,JAQUIRANA,1017776.08
1951,JULIO DE CASTILHOS,8882.785495647722
1952,LAGOA DOS TRES CANTOS,3093032.3099300116
1953,LAGOA VERMELHA,52710.99868197524
1954,LAJEADO,34157.66827050998
1955,LINDOLFO COLLOR,123062.19253265602
1956,MACAMBARA,10737.09829817159
1957,MAMPITUBA,30255.921526666665
1958,MANOEL VIANA,5194.44504485407
1959,MAQUINE,4852.9799
1960,MARAU,55999.85304455445
1961,MARQUES DE SOUZA,749744.8235217391
1962,MATA,216923.125
1963,MATO LEITAO,6404.33
1964,MIRAGUAI,117074.73
1965,MONTAURI,11210.82431509754
1966,MONTENEGRO,30293.915714611874
1967,MORRINHOS DO SUL,133191.6317286652
1968,MORRO REDONDO,21964.923595238095
1969,MORRO REUTER,35.11987174767705
1970,MUCUM,464971.43678571424
1971,MUITOS CAPOES,14123.658500000001
1972,NAO-ME-TOQUE,6537.91695
1973,NONOAI,41155.007513327946
1974,NOVA ARACA,459599.12597058824
1975,NOVA BASSANO,71345.50482728859
1976,NOVA BOA VISTA,319072.83721428574
1977,NOVA BRESCIA,10169.95008974903
1978,NOVA CANDELARIA,21062.021800000002
1979,NOVA ESPERANCA DO SUL,448302.5354583333
1980,NOVA PALMA,8734.614583333334
1981,NOVA PETROPOLIS,38185.589700854696
1982,NOVA PRATA,39496.86508196721
1983,NOVA RAMADA,142306.0959920635
1984,NOVA ROMA DO SUL,32.63150463576159
1985,NOVA SANTA RITA,4609.81623371638
1986,NOVO CABRAIS,305.31613178767543
1987,NOVO HAMBURGO,13095.005240005037
1988,NOVO XINGU,11918.97531095583
1989,OSORIO,36516.2896085595
1990,PALMEIRA DAS MISSOES,18582.722922885572
1991,PALMITINHO,29620.99689440994
1992,PANAMBI,15226.13425556858
1993,PANTANO GRANDE,77308.6284
1994,PARAI,40961.932289156626
1995,PASSA SETE,4.136280005648122
1996,PASSO DO SOBRADO,2383.157142857143
1997,PASSO FUNDO,49517.996399999996
1998,PAULO BENTO,3266309.9948572353
1999,PEDRO OSORIO,4087.3776782214854
2000,PEJUCARA,4487.625528464419
2001,PELOTAS,22496.02738
2002,PICADA CAFE,7914.431
2003,PINHAL DA SERRA,106097.97125641027
2004,PINHEIRINHO DO VALE,9819.583492063492
2005,PINHEIRO MACHADO,65798.47364341085
2006,PIRATINI,1109.2077391666667
2007,POCO DAS ANTAS,6350.4041120840775
2008,PONTAO,3527.720808
2009,PORTAO,5974.958902777778
2010,PORTO ALEGRE,32396.89031724138
2011,PORTO XAVIER,423.7951111111111
2012,POUSO NOVO,353870.69946587534
2013,PRESIDENTE LUCENA,96407.80537781629
2014,PROGRESSO,245471.1896908006
2015,PUTINGA,5281.032916666666
2016,QUARAI,37963.21548821549
2017,RELVADO,40.46706857142857
2018,RESTINGA SECA,34839.33904130082
2019,RIO GRANDE,11115.487222222222
2020,RIO PARDO,5929.645
2021,ROCA SALES,33705.409999999996
2022,RODEIO BONITO,98073.54194350887
2023,ROLADOR,89011.86666666667
2024,ROLANTE,11166284.57
2025,RONDA ALTA,2241.8830042918453
2026,RONDINHA,223150.12
2027,ROSARIO DO SUL,2538.152465002763
2028,SALTO DO JACUI,1703.872554594725
2029,SALVADOR DO SUL,8752.27765
2030,SANANDUVA,13756.217104348605
2031,SANTA BARBARA DO SUL,746.22286
2032,SANTA CECILIA DO SUL,104.94000857142858
2033,SANTA CLARA DO SUL,30642.486444444443
2034,SANTA CRUZ DO SUL,13747.17727293272
2035,SANTA MARIA,14348.670886299435
2036,SANTA ROSA,21064.66795774648
2037,SANTA VITORIA DO PALMAR,78282.40311418685
2038,SANTANA DO LIVRAMENTO,51812.62300000001
2039,SANTIAGO,25714.33462488769
2040,SANTO ANGELO,29766.336210307134
2041,SANTO ANTONIO DA PATRULHA,62344.49482758621
2042,SANTO ANTONIO DO PLANALTO,33886.8278781279
2043,SANTO AUGUSTO,29703.47261477046
2044,SANTO CRISTO,6096.517512432432
2045,SAO DOMINGOS DO SUL,5675.4060975609755
2046,SAO FRANCISCO DE ASSIS,22095.115714285712
2047,SAO GABRIEL,53465.69767046332
2048,SAO JERONIMO,2878.03698112604
2049,SAO JOAO DO POLESINE,13011.576333333334
2050,SAO JOSE DO HERVAL,2556807.1521875
2051,SAO JOSE DO NORTE,9969.086
2052,SAO LEOPOLDO,18309.2
2053,SAO LOURENCO DO SUL,93865.62807758398
2054,SAO LUIZ GONZAGA,8699.25
2055,SAO MARCOS,45014.499375
2056,SAO MARTINHO,61758.82188157895
2057,SAO MIGUEL DAS MISSOES,35693.843529411766
2058,SAO NICOLAU,2069.860639531873
2059,SAO PEDRO DA SERRA,3332.8971170158925
2060,SAO SEBASTIAO DO CAI,6644.888712080605
2061,SAO SEPE,1582.3824129106188
2062,SAO VALENTIM,24.925225290697675
2063,SAO VICENTE DO SUL,2404470.11225
2064,SAPIRANGA,253360.97
2065,SAPUCAIA DO SUL,24135.134664889563
2066,SEBERI,19719.307553650986
2067,SENTINELA DO SUL,96783.91
2068,SERAFINA CORREA,8846.735514018692
2069,SERIO,17513.396
2070,SERTAO,104300.85800853018
2071,SERTAO SANTANA,3544.4953125
2072,TABAI,361673.674
2073,TAPES,8297.908248175181
2074,TAQUARA,2370.245143344151
2075,TAQUARI,18955.877505555556
2076,TAQUARUCU DO SUL,361856.5654385965
2077,TENENTE PORTELA,832899.1042510639
2078,TERRA DE AREIA,10810.62803468208
2079,TEUTONIA,47080.44988461539
2080,TIO HUGO,25418.115907766994
2081,TORRES,32629.97623333333
2082,TRAMANDAI,18132.217865190752
2083,TRES ARROIOS,231.36063471430367
2084,TRES CACHOEIRAS,19444.094540816324
2085,TRES DE MAIO,9515.394925788498
2086,TRES PASSOS,17016.1551273331
2087,TRINDADE DO SUL,273674.2952
2088,TRIUNFO,35312.99418207283
2089,TUCUNDUVA,3072.9209573913777
2090,TUPANDI,2202.439545454545
2091,TUPARENDI,15540.973000000002
2092,UNIAO DA SERRA,50213.24842809364
2093,UNISTALDA,217447.2618181818
2094,URUGUAIANA,7231.804761904762
2095,VACARIA,86861.78186641929
2096,VANINI,28299.695736434107
2097,VENANCIO AIRES,18916.0265
2098,VERANOPOLIS,74324.81391304347
2099,VIADUTOS,4432.315510815308
2100,VIAMAO,21031.924281437125
2101,VICTOR GRAEFF,2184.043541683529
2102,VILA FLORES,4280.86918128655
2103,VILA LANGARO,269599.3807331731
2104,VILA MARIA,4518.014857142857
2105,VISTA ALEGRE,27719527.968303453
2106,WESTFALIA,56800.17384
2107,XANGRI-LA,123269.02416666667
2108,ALTO ALEGRE DOS PARECIS,86360.6875107527
2109,ALVORADA D'OESTE,1400.5601042040964
2110,ARIQUEMES,4694.141191659866
2111,CACAULANDIA,14625.559387755102
2112,CACOAL,29637.48
2113,CAMPO NOVO DE RONDONIA,661019.5007692308
2114,CANDEIAS DO JAMARI,42572.782608695656
2115,CEREJEIRAS,112904.9394530831
2116,CHUPINGUAIA,11324.810666666668
2117,COLORADO DO OESTE,3524.618543874428
2118,CORUMBIARA,38199.69786597938
2119,CUJUBIM,212587.36933333334
2120,ESPIGAO D'OESTE,85675.49212121213
2121,GUAJARA-MIRIM,33555.91781839431
2122,ITAPUA DO OESTE,26174.919107142854
2123,JARU,12891.58164160401
2124,JI-PARANA,40509.5825
2125,MACHADINHO D'OESTE,3733.0015427985645
2126,MINISTRO ANDREAZZA,27766.350210526318
2127,MIRANTE DA SERRA,2422.2181181342103
2128,MONTE NEGRO,653576.0
2129,NOVA BRASILANDIA D'OESTE,2691.637085927367
2130,NOVA MAMORE,7607.86944
2131,NOVO HORIZONTE DO OESTE,8242.78306542056
2132,OURO PRETO DO OESTE,49833.20714285714
2133,PIMENTA BUENO,38918.50101123595
2134,PORTO VELHO,33117.80856275304
2135,PRESIDENTE MEDICI,32576.72
2136,ROLIM DE MOURA,9038.065483213428
2137,SANTA LUZIA D'OESTE,157143.96097560975
2138,SAO FRANCISCO DO GUAPORE,69458.40875
2139,SAO MIGUEL DO GUAPORE,21428.202855360243
2140,SERINGUEIRAS,12220.715396825397
2141,TEIXEIROPOLIS,45334.268876404494
2142,THEOBROMA,7437.612583333333
2143,URUPA,90632.11122058824
2144,VALE DO PARAISO,7539.69031942549
2145,VILHENA,31078.50287671233
2146,ABELARDO LUZ,31291.129718362285
2147,AGROLANDIA,13440.689016130596
2148,AGRONOMICA,138053.22515873017
2149,AGUA DOCE,24080.941955307262
2150,AGUAS MORNAS,24018.213034583332
2151,ALTO BELA VISTA,5437.028375510204
2152,APIUNA,20213.894126213592
2153,ARABUTA,56603.074599203304
2154,ARAQUARI,8321.558781615098
2155,ARARANGUA,14265.67396
2156,ARMAZEM,26156.51020408163
2157,ASCURRA,39595.22222222222
2158,ATALANTA,274358.7602083334
2159,AURORA,1202.5918344622182
2160,BALNEARIO ARROIO DO SILVA,25322.48785714286
2161,BALNEARIO BARRA DO SUL,63884.569875
2162,BALNEARIO CAMBORIU,80473.85285714285
2163,BALNEARIO GAIVOTA,30754.310287769782
2164,BALNEARIO PICARRAS,29104.815000000002
2165,BALNEARIO RINCAO,116.40117368421053
2166,BANDEIRANTE,4428.175235107438
2167,BARRA VELHA,32304.875824175822
2168,BENEDITO NOVO,32677.0453125
2169,BIGUACU,68715.66460526315
2170,BLUMENAU,15232.631777777779
2171,BOTUVERA,15450.710111111111
2172,BRACO DO NORTE,40392.27609561753
2173,BRACO DO TROMBUDO,3128.889333333333
2174,BRUSQUE,38515.52882198953
2175,CACADOR,20089.880933333334
2176,CAIBI,27083.160387798634
2177,CAMBORIU,44418.97367
2178,CAMPO ERE,3474.1624559733464
2179,CAMPOS NOVOS,11522.51036637931
2180,CANELINHA,118827.16164423077
2181,CANOINHAS,51560.29833333333
2182,CAPINZAL,69198.36450000001
2183,CAPIVARI DE BAIXO,26658.165362948483
2184,CAXAMBU DO SUL,32614.344813131313
2185,CHAPECO,34058.767
2186,COCAL DO SUL,8091.808705372715
2187,CONCORDIA,61773.83874480975
2188,CORDILHEIRA ALTA,7355.496206823967
2189,CORONEL FREITAS,125308.30906843155
2190,CORREIA PINTO,33896.336
2191,CORUPA,41212.83769465648
2192,CRICIUMA,8845.153142857142
2193,CUNHA PORA,129118.68756097562
2194,CURITIBANOS,8665.477829614605
2195,DESCANSO,56976.043439999994
2196,DIONISIO CERQUEIRA,8733.403825597115
2197,DONA EMMA,42504.27897215269
2198,DOUTOR PEDRINHO,406837.93
2199,ERMO,1495450.9287166665
2200,ERVAL VELHO,111498.53950752394
2201,FAXINAL DOS GUEDES,48558.41050314465
2202,FLORIANOPOLIS,17806.438979938273
2203,FORMOSA DO SUL,3424.4785714285713
2204,FORQUILHINHA,12191.880531264693
2205,FRAIBURGO,2214.6666409090913
2206,GAROPABA,8606.678745000001
2207,GARUVA,31209.664387231023
2208,GASPAR,16442.241280969953
2209,GOVERNADOR CELSO RAMOS,538.2230810810811
2210,GRAO PARA,16294.739090909092
2211,GRAVATAL,19895.2271
2212,GUABIRUBA,24507.339667003027
2213,GUARAMIRIM,15944.431221837754
2214,GUARUJA DO SUL,6455.383166879614
2215,GUATAMBU,16648.424141414143
2216,HERVAL D'OESTE,122379.71355357143
2217,IBIRAMA,19611.384615287177
2218,ICARA,15215.956989247312
2219,ILHOTA,5844.983847883597
2220,IMARUI,1556.5538362068964
2221,IMBITUBA,164343.80253333334
2222,IMBUIA,488733.69046874996
2223,INDAIAL,18752.62338647959
2224,IOMERE,10439.458557666578
2225,IPORA DO OESTE,58913.6456274395
2226,IPUACU,43427.771428571425
2227,IPUMIRIM,895.7119015191199
2228,IRINEOPOLIS,1826.9887517766495
2229,ITA,12335.031105590064
2230,ITAIOPOLIS,36974.35752713178
2231,ITAJAI,41001.79534883721
2232,ITAPIRANGA,6531.89998508319
2233,ITUPORANGA,49804.765940793324
2234,JACINTO MACHADO,8664.828125
2235,JAGUARUNA,33911.75218789014
2236,JARAGUA DO SUL,18246.826
2237,JOACABA,19768.83902311372
2238,JOINVILLE,14701.209207173459
2239,JOSE BOITEUX,111249.64544833242
2240,LAGES,20012.56066335222
2241,LAGUNA,26062.44875
2242,LAJEADO GRANDE,22740.01888888889
2243,LAURENTINO,11618.63829787234
2244,LAURO MULLER,613.0661161079313
2245,LEBON REGIS,145212.54291666666
2246,LONTRAS,30809.58708888889
2247,LUIZ ALVES,162228.04
2248,MAFRA,5841.334814853648
2249,MAJOR VIEIRA,9793.028915060386
2250,MARACAJA,17524.86418333333
2251,MARAVILHA,15689.966400000001
2252,MELEIRO,25966.566903201507
2253,MIRIM DOCE,7305.3394512300765
2254,MODELO,1129.5709288888888
2255,MORRO DA FUMACA,25368.659762978143
2256,MORRO GRANDE,3962.4897173970435
2257,NAVEGANTES,30083.134899588556
2258,NOVA ITABERABA,7374.845
2259,NOVA TRENTO,9385.285714285714
2260,NOVO HORIZONTE,28003.637009108097
2261,ORLEANS,30930.9593877551
2262,OTACILIO COSTA,78.91296181818181
2263,PALHOCA,12650.160658682635
2264,PALMA SOLA,1665844.3561256158
2265,PALMITOS,2574.421008380292
2266,PAPANDUVA,43676.523798076916
2267,PARAISO,29300.445726086957
2268,PAULO LOPES,38322.86527272727
2269,PEDRAS GRANDES,3562.2095834638267
2270,PENHA,26264.7548
2271,PERITIBA,6534.1849559188895
2272,PINHALZINHO,29047.931857142856
2273,PINHEIRO PRETO,8156.591669836065
2274,PIRATUBA,2170.820885860307
2275,POMERODE,10180.826492537315
2276,PONTE ALTA DO NORTE,31347.84987156312
2277,PONTE SERRADA,19165.30315500686
2278,PORTO BELO,52242.25255307856
2279,PORTO UNIAO,21343.979066666667
2280,POUSO REDONDO,4128.450291620524
2281,PRESIDENTE GETULIO,41370.490532407406
2282,PRINCESA,172.30636842105264
2283,QUILOMBO,67064.43
2284,RANCHO QUEIMADO,4022.808504801097
2285,RIO DO CAMPO,31274.93104491273
2286,RIO DO OESTE,21363.4456
2287,RIO DO SUL,29517.087669878296
2288,RIO DOS CEDROS,37420.7213836478
2289,RIO NEGRINHO,8578.01938547486
2290,RODEIO,2700.739659886067
2291,SALETE,25859.711145833335
2292,SALTO VELOSO,18853.7975
2293,SANGAO,13604.367272727273
2294,SANTA ROSA DO SUL,5265.296114222222
2295,SANTA TEREZINHA,2604.727435897436
2296,SANTIAGO DO SUL,15991.6525
2297,SANTO AMARO DA IMPERATRIZ,1875657.4080714285
2298,SAO BENTO DO SUL,20563.283625562683
2299,SAO BERNARDINO,17457.411883436853
2300,SAO BONIFACIO,1940.6041325450228
2301,SAO CARLOS,40302.36361842105
2302,SAO CRISTOVAO DO SUL,53760.51029411765
2303,SAO DOMINGOS,805550.88165
2304,SAO FRANCISCO DO SUL,10835.104728774471
2305,SAO JOAO BATISTA,33065.07955555556
2306,SAO JOAO DO ITAPERIU,27759.38371885906
2307,SAO JOAO DO OESTE,91360.37336793542
2308,SAO JOSE,18643.463341463415
2309,SAO JOSE DO CEDRO,22460.100000000002
2310,SAO JOSE DO CERRITO,5863.532600599234
2311,SAO LOURENCO DO OESTE,898.3954752173913
2312,SAO LUDGERO,56300.34068667763
2313,SAO MIGUEL DO OESTE,24184.93387046671
2314,SAUDADES,6197.043000000001
2315,SCHROEDER,2759.6405833333333
2316,SEARA,5901.745400000001
2317,SIDEROPOLIS,11566.835682352941
2318,SOMBRIO,12786.052000476435
2319,TAIO,22020.82543859649
2320,TIJUCAS,10804.264203575782
2321,TIMBO,20011.52805
2322,TIMBO GRANDE,53798.16
2323,TRES BARRAS,33419.58083333333
2324,TREVISO,22708.05900947316
2325,TREZE DE MAIO,104655.73002425375
2326,TREZE TILIAS,66748.785
2327,TROMBUDO CENTRAL,9417.161790932652
2328,TUBARAO,7569.37826628885
2329,UNIAO DO OESTE,417.4208764940239
2330,URUSSANGA,20940.94225
2331,VARGEAO,19748.453529411767
2332,VARGEM BONITA,4676.47201713555
2333,VIDAL RAMOS,5008.912428571429
2334,VIDEIRA,15029.867292682928
2335,VITOR MEIRELES,10231.327000000001
2336,WITMARSUM,5844.4777315192
2337,XANXERE,34650.540357142854
2338,XAXIM,10856.89567
2339,ADAMANTINA,51839.905
2340,AGUAI,5770.156159629843
2341,AGUAS DE LINDOIA,3505.5021
2342,AGUAS DE SANTA BARBARA,398.4111111111111
2343,AGUDOS,16401.500489583334
2344,ALFREDO MARCONDES,124320.9528265
2345,ALTINOPOLIS,81437.285
2346,ALUMINIO,7841.782580631425
2347,ALVARES MACHADO,257326.35722222223
2348,AMERICANA,27332.100416666668
2349,AMERICO BRASILIENSE,12748.487118644069
2350,AMPARO,17640.45832857143
2351,ANALANDIA,241636.55956896552
2352,ANDRADINA,44327.68737621726
2353,ANGATUBA,9958.865529225908
2354,ANHEMBI,59742.305
2355,APARECIDA D'OESTE,25346.24744141823
2356,APIAI,97610.82454545454
2357,ARACARIGUAMA,5163.837750000001
2358,ARACATUBA,16763.07932581967
2359,ARARAQUARA,27208.767388275373
2360,ARARAS,14301.213984391474
2361,ARCO-IRIS,89903.23066666667
2362,ARIRANHA,18231.718094556163
2363,ARTUR NOGUEIRA,13472.748541666668
2364,ARUJA,17988.383454281568
2365,ASSIS,4567.799393939394
2366,ATIBAIA,13908.178785714286
2367,AVANHANDAVA,2713164.0233333334
2368,AVARE,33487.94018182109
2369,BADY BASSITT,130197.80329964538
2370,BANANAL,5376.387428571428
2371,BARBOSA,657340.47
2372,BARIRI,28737.035103238864
2373,BARRA BONITA,33020.565108173934
2374,BARRA DO CHAPEU,19211.366715761826
2375,BARRA DO TURVO,26321.667467543593
2376,BARRETOS,9996.235
2377,BARRINHA,549999.13
2378,BARUERI,51573.45675675676
2379,BASTOS,21476.723484302325
2380,BATATAIS,8968.72923804925
2381,BAURU,12795.547825
2382,BEBEDOURO,11765.065912897822
2383,BENTO DE ABREU,180498.58171014494
2384,BERNARDINO DE CAMPOS,987.5406324323583
2385,BERTIOGA,8795.08004498806
2386,BIRIGUI,8113.139045454546
2387,BIRITIBA-MIRIM,25647418.707142856
2388,BOA ESPERANCA DO SUL,645751.2043478262
2389,BOCAINA,55838.03439627822
2390,BOFETE,20494.18
2391,BOITUVA,7440.166
2392,BOM JESUS DOS PERDOES,3519.6980787330317
2393,BOM SUCESSO DE ITARARE,3036.1330666666668
2394,BORA,1391.2235065567902
2395,BORACEIA,18714.94483495671
2396,BORBOREMA,26327.220627906976
2397,BOTUCATU,13122.357031970045
2398,BRAGANCA PAULISTA,88589.44365256258
2399,BREJO ALEGRE,50594.87175504519
2400,BRODOWSKI,23909.149352194603
2401,BROTAS,22310.205524955436
2402,BURI,100486.66683116884
2403,BURITAMA,417954.4317311321
2404,BURITIZAL,14013.229129270709
2405,CABREUVA,14856.408636942675
2406,CACAPAVA,17137.56462585034
2407,CACHOEIRA PAULISTA,29.36478902439024
2408,CAIEIRAS,12381.830919708029
2409,CAJAMAR,18806.777222222223
2410,CAJATI,10763.543333333335
2411,CAJOBI,8069.861807909605
2412,CAJURU,18818.63565939999
2413,CAMPINA DO MONTE ALEGRE,54591.801020408166
2414,CAMPINAS,15299.247
2415,CAMPO LIMPO PAULISTA,29848.5615
2416,CAMPOS DO JORDAO,75987.19057917889
2417,CANAS,3687866.48
2418,CANDIDO MOTA,5704.918556701031
2419,CANDIDO RODRIGUES,225392.8
2420,CANITAR,6048.2675
2421,CAPAO BONITO,235468.7257
2422,CAPIVARI,65190.426666666666
2423,CARAGUATATUBA,9081.3125
2424,CARAPICUIBA,41913.14535714286
2425,CARDOSO,156266.96789285715
2426,CASA BRANCA,11098.23387528006
2427,CASTILHO,30682.486302161655
2428,CATANDUVA,24686.009049736844
2429,CERQUEIRA CESAR,46319.34154545455
2430,CERQUILHO,22442.635974806202
2431,CESARIO LANGE,17547.573603603603
2432,CHARQUEADA,87920.98861313869
2433,CLEMENTINA,29748.76573234518
2434,COLINA,124685.28213675684
2435,COLOMBIA,22178.341660806174
2436,CONCHAL,43911.72520618556
2437,CONCHAS,11474.628222222223
2438,CORDEIROPOLIS,32503.11275
2439,COROADOS,4358.25718446602
2440,CORUMBATAI,7435.885342857143
2441,COSMOPOLIS,22803.433133278773
2442,COTIA,13477.460472440946
2443,CRAVINHOS,16697.108974358976
2444,CRISTAIS PAULISTA,389119.73894736846
2445,CRUZEIRO,15394.513977011495
2446,CUBATAO,14082.135258126196
2447,CUNHA,111804.0
2448,DESCALVADO,28329.69676179775
2449,DIADEMA,36400.955449999994
2450,DIRCE REIS,1002.48466025507
2451,DIVINOLANDIA,4801.571325606664
2452,DOBRADA,74.43399572432426
2453,DOIS CORREGOS,49331.32096153846
2454,DOURADO,2784.919196025379
2455,DRACENA,7399.5235999999995
2456,DUARTINA,5281.564892473118
2457,DUMONT,6064.848
2458,ECHAPORA,10023.16595
2459,ELIAS FAUSTO,40682.15739886185
2460,EMBAUBA,1929.4933749999998
2461,EMBU,14266.61407106599
2462,EMBU-GUACU,2999.7449674556215
2463,ENGENHEIRO COELHO,26597.11
2464,ESPIRITO SANTO DO PINHAL,14272.762869
2465,ESTIVA GERBI,12789.48443
2466,ESTRELA D'OESTE,557351.0
2467,FARTURA,569.823825
2468,FERNANDO PRESTES,56428.89781021898
2469,FERNANDOPOLIS,6703.1946654135345
2470,FERRAZ DE VASCONCELOS,20812.140729166666
2471,FLORIDA PAULISTA,2334.98841
2472,FRANCA,62103.91115
2473,FRANCO DA ROCHA,111885.91089108911
2474,GABRIEL MONTEIRO,15636.086166666668
2475,GALIA,253193.02605000001
2476,GARCA,1643.6492659053833
2477,GAVIAO PEIXOTO,31164.62979539642
2478,GENERAL SALGADO,3477835.5264800675
2479,GLICERIO,31770.718728668257
2480,GUAICARA,6799.82784496124
2481,GUAPIACU,29352.0
2482,GUARA,34744.12878831001
2483,GUARACAI,855.3665136966972
2484,GUARANI D'OESTE,865.959400324149
2485,GUARANTA,6372314.001650846
2486,GUARARAPES,6139.742496847415
2487,GUARAREMA,87579.2
2488,GUARATINGUETA,13261.409613636364
2489,GUAREI,35262.57971153846
2490,GUARIBA,14380.095857142856
2491,GUARUJA,13804.384756774509
2492,GUARULHOS,17707.448875
2493,GUATAPARA,17463.328042340363
2494,HERCULANDIA,83653.75458884629
2495,HOLAMBRA,41766.7475
2496,HORTOLANDIA,22621.491231380336
2497,IACANGA,71833.42595238096
2498,IACRI,5495.139439526551
2499,IBATE,40834.86524242425
2500,IBIRAREMA,59792.37393138639
2501,IBITINGA,4378.000696694236
2502,IBIUNA,52938.271632352946
2503,ICEM,1378.7324493437716
2504,IEPE,742.8641772151898
2505,IGARAPAVA,111321.39002567175
2506,IGARATA,11223.961839530333
2507,IGUAPE,3131886.0525
2508,ILHA SOLTEIRA,5539.8
2509,INDAIATUBA,19014.91653758865
2510,INDIANA,28755.437
2511,IPAUSSU,54247.12757377919
2512,IPERO,15992.09068125
2513,IPEUNA,14890.708711861265
2514,IPUA,19198.77057413223
2515,IRACEMAPOLIS,16535.759574468084
2516,ITABERA,9637.648107048124
2517,ITAI,122995.2509047619
2518,ITANHAEM,80447.6141952381
2519,ITAPECERICA DA SERRA,27950.424246153845
2520,ITAPETININGA,13437.466666666667
2521,ITAPEVI,14684.298918918921
2522,ITAPIRA,49076.37039189189
2523,ITAPOLIS,32471.711898428224
2524,ITAPUI,17852.6577
2525,ITAQUAQUECETUBA,18857.645038646497
2526,ITATIBA,12940.739548660084
2527,ITATINGA,4195.034992138365
2528,ITIRAPINA,93814.96061511891
2529,ITU,20680.613489473682
2530,ITUPEVA,23864.8156
2531,ITUVERAVA,9915.652151620627
2532,JABOTICABAL,20408.348316008316
2533,JACAREI,17472.35
2534,JACUPIRANGA,40238.133774273454
2535,JAGUARIUNA,7496.2292354494575
2536,JALES,25207.503430755394
2537,JAMBEIRO,46265.17270833334
2538,JANDIRA,8654.178734196732
2539,JARDINOPOLIS,34925.41858481725
2540,JARINU,109266.41379310345
2541,JAU,47072.0
2542,JERIQUARA,46818.13592715232
2543,JOANOPOLIS,398.6304107225034
2544,JOSE BONIFACIO,14953.378885882354
2545,JUMIRIM,52353.33200396826
2546,JUNDIAI,15027.15726534091
2547,JUNQUEIROPOLIS,66273.49
2548,JUQUIA,8801.113183330828
2549,LAGOINHA,80180.95101851852
2550,LARANJAL PAULISTA,21056.857136808205
2551,LAVINIA,30035.41962962963
2552,LEME,7314.994656220019
2553,LENCOIS PAULISTA,23107.027882707298
2554,LIMEIRA,20297.254736842107
2555,LINDOIA,5286.60623935264
2556,LINS,11885.755405109961
2557,LORENA,16372.766292595541
2558,LOUVEIRA,54593.36
2559,LUCELIA,9425.96675
2560,LUIS ANTONIO,200766.4406736797
2561,LUIZIANIA,18907.373658067958
2562,LUPERCIO,43095.819904761905
2563,LUTECIA,9230.393
2564,MACATUBA,4317.128366769547
2565,MAGDA,308200.6913157895
2566,MAIRINQUE,72387.46416418409
2567,MAIRIPORA,162247.5611119403
2568,MANDURI,8523.140000000001
2569,MARACAI,7292.926625
2570,MARAPOAMA,34499.026477762236
2571,MARILIA,52700.382482857145
2572,MARTINOPOLIS,42111.66910416666
2573,MATAO,56239.606705882354
2574,MAUA,38317.963234291994
2575,MENDONCA,390770.6795183935
2576,MERIDIANO,102507.91060336438
2577,MIGUELOPOLIS,2645798.35
2578,MINEIROS DO TIETE,2704.3961191709845
2579,MIRANDOPOLIS,86948.09877541865
2580,MIRANTE DO PARANAPANEMA,30615.55633093525
2581,MIRASSOL,7338.7767368421055
2582,MOCOCA,7219.213302325582
2583,MOGI DAS CRUZES,19378.365746031748
2584,MOGI GUACU,9960.087955663432
2585,MOJI MIRIM,13289.099979166665
2586,MOMBUCA,8452.192542646233
2587,MONCOES,186523.37147435895
2588,MONTE ALEGRE DO SUL,55973.333333333336
2589,MONTE ALTO,25275.593239436617
2590,MONTE APRAZIVEL,17621.1876
2591,MONTE MOR,27543.282053571427
2592,MORRO AGUDO,59613.83786941581
2593,MORUNGABA,33034.51370946053
2594,MOTUCA,7263.217512661142
2595,NARANDIBA,196123.135
2596,NEVES PAULISTA,102990.76233616038
2597,NHANDEARA,166313.21
2598,NOVA ALIANCA,2276411.7015
2599,NOVA CAMPINA,19015.3614909688
2600,NOVA EUROPA,184862.86141791043
2601,NOVA INDEPENDENCIA,276.1258897148191
2602,NOVA ODESSA,98893.6904775281
2603,NUPORANGA,4510.314604651163
2604,OCAUCU,119654.58666666666
2605,OLIMPIA,145402.49
2606,ONDA VERDE,43047.57894736842
2607,ORIENTE,105620.36969253293
2608,ORINDIUVA,20393.793926504033
2609,ORLANDIA,108111.405
2610,OSASCO,18540.27888888889
2611,OSVALDO CRUZ,103163.47552772178
2612,OURINHOS,19550.20816212439
2613,OUROESTE,10527.986440288714
2614,PALESTINA,81273.79409343435
2615,PALMEIRA D'OESTE,3203.6684028861155
2616,PALMITAL,218093.605
2617,PANORAMA,36230.15204545454
2618,PARAGUACU PAULISTA,87589.39189068179
2619,PARAIBUNA,39476.67856820235
2620,PARAPUA,17639.943168316833
2621,PARDINHO,6080.679414285714
2622,PARIQUERA-ACU,577363.333076923
2623,PATROCINIO PAULISTA,86659.03
2624,PAULICEIA,144397.26
2625,PAULINIA,22944.724705882352
2626,PAULO DE FARIA,363.65225142696073
2627,PEDERNEIRAS,18785.718533333333
2628,PEDRA BELA,54277.36170212766
2629,PEDREGULHO,51483.48875
2630,PEDREIRA,44575.055552594175
2631,PENAPOLIS,65789.6184114907
2632,PEREIRA BARRETO,131762.22280000002
2633,PIACATU,738.282195652174
2634,PIEDADE,881943.3271764705
2635,PILAR DO SUL,37652.17439393939
2636,PINDAMONHANGABA,30297.769744256293
2637,PINDORAMA,146440.79
2638,PIRACAIA,7193.422288024237
2639,PIRACICABA,17060.322589090538
2640,PIRAJU,38028.51860254083
2641,PIRANGI,4703.485789312977
2642,PIRAPORA DO BOM JESUS,233013.3396219716
2643,PIRAPOZINHO,11374.58796875
2644,PIRASSUNUNGA,74452.25600000001
2645,PIRATININGA,15096.204158653845
2646,PITANGUEIRAS,123406.0218467405
2647,PLATINA,72292.96268
2648,POA,36761.05703703704
2649,POMPEIA,66920.464
2650,PONTAL,44504.6
2651,PONTES GESTAL,18707.281189055797
2652,PORTO FELIZ,16192.170761329306
2653,PORTO FERREIRA,18672.354375
2654,POTIM,164245.4480862069
2655,POTIRENDABA,14749.777945504087
2656,PRADOPOLIS,12012.238530979164
2657,PRAIA GRANDE,3880.756508187278
2658,PRATANIA,131.54486471361818
2659,PRESIDENTE EPITACIO,5272.944314814815
2660,PRESIDENTE PRUDENTE,37632.002499999995
2661,PRESIDENTE VENCESLAU,85125.69105263158
2662,PROMISSAO,28633.146666666667
2663,QUADRA,1013.1122747963014
2664,QUATA,4492.866666755159
2665,QUEIROZ,53871.44616710526
2666,QUELUZ,94041.3081922513
2667,QUINTANA,28556.149999999998
2668,RAFARD,14353.364358766043
2669,RANCHARIA,66312.3315
2670,REGENTE FEIJO,20551.03941025641
2671,REGINOPOLIS,1156610.9143
2672,REGISTRO,32157.535802202397
2673,RESTINGA,13020.2
2674,RIBEIRAO CORRENTE,136.18587055725146
2675,RIBEIRAO GRANDE,451110.9862040817
2676,RIBEIRAO PIRES,58814.61475409836
2677,RIBEIRAO PRETO,20264.61545167445
2678,RINCAO,6085715.7
2679,RINOPOLIS,2624.544568914956
2680,RIO CLARO,52696.46033333333
2681,RIO DAS PEDRAS,20139.93942857143
2682,RIO GRANDE DA SERRA,5000.275307188898
2683,ROSANA,38826.36833333333
2684,SALES,4931.5972
2685,SALES OLIVEIRA,1204.323314917127
2686,SALTINHO,2775285.4
2687,SALTO,18331.72641000872
2688,SALTO DE PIRAPORA,18249.1287007874
2689,SALTO GRANDE,2915.7852429317095
2690,SANDOVALINA,43940.16659845867
2691,SANTA ADELIA,7729.556200000001
2692,SANTA ALBERTINA,118186.415
2693,SANTA BARBARA D'OESTE,38308.02533346972
2694,SANTA CLARA D'OESTE,1610.1387541237114
2695,SANTA CRUZ DA CONCEICAO,4509.078181818182
2696,SANTA CRUZ DO RIO PARDO,8092.96576739427
2697,SANTA FE DO SUL,184068.80334065936
2698,SANTA GERTRUDES,32420.840725609756
2699,SANTA ISABEL,212009.7684047619
2700,SANTA MARIA DA SERRA,178734.8439
2701,SANTA RITA DO PASSA QUATRO,5527.322107142857
2702,SANTA ROSA DE VITERBO,13486.2681
2703,SANTANA DE PARNAIBA,28320.402400000003
2704,SANTO ANDRE,16671.001867952364
2705,SANTO ANTONIO DA ALEGRIA,15121.142566666666
2706,SANTO ANTONIO DE POSSE,17266.67
2707,SANTO ANTONIO DO ARACANGUA,2103.1760605985446
2708,SANTOS,28438.679045454544
2709,SAO BERNARDO DO CAMPO,20157.238095238095
2710,SAO CAETANO DO SUL,57599.7321
2711,SAO JOAO DA BOA VISTA,16135.269795918366
2712,SAO JOAQUIM DA BARRA,36157.943001442996
2713,SAO JOSE DO RIO PARDO,7334.626214724525
2714,SAO JOSE DO RIO PRETO,46034.04
2715,SAO JOSE DOS CAMPOS,15306.651602708804
2716,SAO LUIS DO PARAITINGA,15900.258999999998
2717,SAO MANUEL,9220.464700114604
2718,SAO MIGUEL ARCANJO,212330.2011
2719,SAO PAULO,23425.722761363635
2720,SAO PEDRO,45992.385888385266
2721,SAO PEDRO DO TURVO,223121.85893232323
2722,SAO ROQUE,26620.02056060606
2723,SAO SEBASTIAO,34511.38018181818
2724,SAO SEBASTIAO DA GRAMA,2064.167466535001
2725,SAO VICENTE,7613.556584493242
2726,SARAPUI,285861.95739999996
2727,SEBASTIANOPOLIS DO SUL,34784.74651730263
2728,SERRA AZUL,85822.9787322316
2729,SERRA NEGRA,31640.983771084342
2730,SERRANA,20908.329285714284
2731,SERTAOZINHO,15871.942850000001
2732,SETE BARRAS,7929.838624031007
2733,SEVERINIA,52260.85406477733
2734,SOCORRO,15925.766622537209
2735,SOROCABA,18112.341419753087
2736,SUD MENNUCCI,664.9745997963339
2737,SUMARE,22818.85714285714
2738,SUZANAPOLIS,3363.5818129526006
2739,SUZANO,13553.836492119148
2740,TABAPUA,15675.52662162162
2741,TABOAO DA SERRA,12106.643103448278
2742,TAIACU,1178660.5175
2743,TAMBAU,12675.956433566434
2744,TANABI,13904.46505154639
2745,TAPIRATIBA,961459.1792156863
2746,TAQUARITINGA,171895.32804
2747,TAQUARITUBA,170332.542
2748,TARABAI,56016.288590000004
2749,TARUMA,66345.47
2750,TATUI,27226.12609649123
2751,TAUBATE,15831.765263157895
2752,TEODORO SAMPAIO,92144.93734375
2753,TIETE,53810.496484375
2754,TORRINHA,16554.8695291462
2755,TRABIJU,10101.312623443539
2756,TREMEMBE,50454.19545
2757,TRES FRONTEIRAS,19443.2
2758,TUIUTI,9658.976253895084
2759,TUPA,41489.580232067514
2760,TUPI PAULISTA,2002079.2877419356
2761,UBARANA,6564.306952480107
2762,UBATUBA,6299287.021857798
2763,UBIRAJARA,77078.2145
2764,UCHOA,184372.694
2765,URUPES,11097.955862773722
2766,VALENTIM GENTIL,161020.785
2767,VALINHOS,15343.820701513067
2768,VALPARAISO,49258.275233333334
2769,VARGEM,7807.253
2770,VARGEM GRANDE DO SUL,2532.7286306666665
2771,VARGEM GRANDE PAULISTA,112652.0731707317
2772,VARZEA PAULISTA,55408.57778846154
2773,VINHEDO,17728.80899190101
2774,VIRADOURO,101542.89264830507
2775,VISTA ALEGRE DO ALTO,256150.6592857143
2776,VOTORANTIM,63905.2834
2777,VOTUPORANGA,20964.68
2778,ARACAJU,26558.987140804595
2779,BARRA DOS COQUEIROS,116.91028107253253
2780,CAMPO DO BRITO,3711948.34
2781,ESTANCIA,29150.82
2782,ITABAIANA,4440.662246813348
2783,ITABAIANINHA,15764.253333333334
2784,ITAPORANGA D'AJUDA,101064.40818181819
2785,LAGARTO,2173.57882612309
2786,LARANJEIRAS,104000.05921141455
2787,MARUIM,20776.9608
2788,MURIBECA,6359760.223382758
2789,NOSSA SENHORA DA GLORIA,155183.30973076925
2790,NOSSA SENHORA DO SOCORRO,8217.773449790795
2791,PROPRIA,2811.395623484481
2792,ROSARIO DO CATETE,8605.443539504036
2793,SAO CRISTOVAO,148804.21833333332
2794,SIMAO DIAS,7512.306060606061
2795,TOMAR DO GERU,334150.1858382353
2796,UMBAUBA,9135.674696969698
2797,AGUIARNOPOLIS,215900.78
2798,ALIANCA DO TOCANTINS,17531.440333333332
2799,ALMAS,27759.531732418527
2800,ANANAS,3782.24624632793
2801,ANGICO,276.5430604592188
2802,APARECIDA DO RIO NEGRO,8045.583777777778
2803,ARAGUACEMA,1259484.3892857141
2804,ARAGUAINA,11329.47
2805,ARAGUATINS,8502.887277227723
2806,ARRAIAS,2282.265052631579
2807,AUGUSTINOPOLIS,33209.16404310345
2808,BABACULANDIA,8266625.805
2809,BANDEIRANTES DO TOCANTINS,50355.11111014176
2810,BARRA DO OURO,117873.59818181818
2811,BERNARDO SAYAO,5180.945262084592
2812,BURITI DO TOCANTINS,91687.91375
2813,CHAPADA DA NATIVIDADE,5150.741351351352
2814,COLINAS DO TOCANTINS,39313.86664694894
2815,COLMEIA,73712.23872807018
2816,CRISTALANDIA,62453.307567630356
2817,DARCINOPOLIS,27629.16
2818,DIANOPOLIS,15862.18162413269
2819,DIVINOPOLIS DO TOCANTINS,74333.16187405845
2820,DOIS IRMAOS DO TOCANTINS,122452.57973684212
2821,DUERE,9592.97882352941
2822,FILADELFIA,917092.2916666666
2823,FORMOSO DO ARAGUAIA,146996.62327192983
2824,GOIANORTE,308953.6507461488
2825,GUARAI,1294787.8521244116
2826,GURUPI,13888.872793522267
2827,ITACAJA,2605.6147953216373
2828,ITAPORA DO TOCANTINS,93.37359858532271
2829,LAGOA DA CONFUSAO,5112.050811544881
2830,LUZINOPOLIS,4496.1964330885685
2831,MARIANOPOLIS DO TOCANTINS,14397.219484764144
2832,MIRACEMA DO TOCANTINS,24731.856381322956
2833,MIRANORTE,386.58256365883807
2834,MONTE SANTO DO TOCANTINS,802543.41
2835,NOVO JARDIM,103291.38777777778
2836,PALMEIRANTE,91050.60833333334
2837,PALMEIROPOLIS,6233.418196811741
2838,PARAISO DO TOCANTINS,64595.182254901956
2839,PAU D ARCO,196297.55221988712
2840,PEDRO AFONSO,23065.073435576924
2841,PEIXE,82264.66991735536
2842,PINDORAMA DO TOCANTINS,13539.396122778962
2843,PIUM,168299.34773437498
2844,PORTO NACIONAL,23002.416581992336
2845,SANTA FE DO ARAGUAIA,431302.6844897959
2846,SANTA TEREZA DO TOCANTINS,195070.43
2847,SAO SALVADOR DO TOCANTINS,1058.8294891385358
2848,SAO SEBASTIAO DO TOCANTINS,8389.708655691149
2849,SAO VALERIO DA NATIVIDADE,547485.2970589111
2850,TAGUATINGA,14156.0567
2851,TAIPAS DO TOCANTINS,4134.542996742671
2852,TOCANTINOPOLIS,61428.19638461539
2853,TUPIRAMA,6295.862978723405
2854,WANDERLANDIA,21097.31983333333
2855,XAMBIOA,148248.0
